Base potencial revisada[Producto_],Base potencial revisada[RM/REIQ],Base potencial revisada[Cultivo],Base potencial revisada[Zona.País],[SumUtilidad_potencial___M_],[SumVolumen_potencial__kL_],[Sumha_s_Total],[Sumha_s_Potencial],[AverageK_L_ha],[AverageFrec__Aplicación],Anexar14.Volumen,Vol 2022,Vol 2023
ACIGGIB ADSTRONG,AACSA,FRAMBUESAS,Mx,0.07194067,0.108,5150,1800,0.2,1,60,,0.0%
AGROMIL PLUS REACTMAXX,AACSA,AGUACATES,Mx,8.896823146,8.5248,23680,9472,1.5,2,2516,,0.0%
AGROMIL PLUS REACTMAXX,AACSA,ZARZAMORAS,Mx,3.130920308,3,6000,5000,1,2,20921,4.32,144.0%
AGROMIL PLUS REACTMAXX,AACSA,TOMATES,Mx,3.005683495,2.88,5000,4000,0.8,3,2642,0.84,29.2%
AGROMIL PLUS REACTMAXX,AACSA,ARÁNDANOS,Mx,1.408914138,1.35,1576,1500,1,3,600,,0.0%
AGROMIL PLUS REACTMAXX,AACSA,CHILES PICOSOS,Mx,0.939276092,0.9,3000,2000,0.5,3,2437,0.6,66.7%
AGROMIL PLUS REACTMAXX,AACSA,PAPAYA,Mx,0.500947249,0.48,10000,4000,0.2,2,664,,0.0%
AGROMIL V,AACSA,AGUACATES,Mx,2.123860911,7.2,23680,8000,1,3,1925,0.12,1.7%
AGROMIL V,AACSA,PAPAYA,Mx,1.061930455,3.6,10000,4000,1,3,570,,0.0%
AGROMIL V,AACSA,ZARZAMORAS,Mx,1.061930455,3.6,6000,4000,1,3,5330,1.14,31.7%
AGROMIL V,AACSA,BANANO,Mx,0.77432429,2.625,10000,7000,0.25,5,3540,0.72,27.4%
AGROMIL V,AACSA,TOMATES,Mx,0.353976818,1.2,5000,2000,1,2,240,,0.0%
AV5G BIOACTIVE,AACSA,AGAVE,Mx,33.60912728,23.1,168000,38500,1,2,,,0.0%
AV5G BIOACTIVE,AACSA,AGUACATES,Mx,17.4592869,12,23680,10000,2,2,,,0.0%
AV5G BIOACTIVE,AACSA,PAPAYA,Mx,6.547232586,4.5,10000,5000,1,3,,,0.0%
AV5G BIOACTIVE,AACSA,ZARZAMORAS,Mx,5.237786069,3.6,6000,4000,1,3,,,0.0%
AV5G BIOACTIVE,AACSA,FRAMBUESAS,Mx,3.928339552,2.7,5150,3000,1,3,,,0.0%
AV5G BIOACTIVE,AACSA,ARÁNDANOS,Mx,1.74592869,1.2,1576,1000,1,4,,,0.0%
AV5G BIOACTIVE,AACSA,TOMATES,Mx,1.74592869,1.2,5000,2000,1,2,,,0.0%
AV5G BIOACTIVE,AACSA,CHILES PICOSOS,Mx,1.309446517,0.9,3000,1000,1,3,,,0.0%
BRX COLOR,AACSA,FRAMBUESAS,Mx,0.654545455,1.8,5150,3000,1,2,,,0.0%
BRX COLOR,AACSA,TOMATES,Mx,0.654545455,1.8,5000,2000,1,3,,,0.0%
BRX COLOR,AACSA,CHILES PICOSOS,Mx,0.436363636,1.2,3000,2000,1,2,,,0.0%
BRX COLOR,AACSA,PAPAYA,Mx,0.327272727,0.9,10000,2000,0.5,3,,,0.0%
BRX COLOR,AACSA,ZARZAMORAS,Mx,0.327272727,0.9,6000,1500,1,2,,,0.0%
BRX COLOR,AACSA,ARÁNDANOS,Mx,0.163636364,0.45,1576,500,1.5,2,,,0.0%
CREZYMAX BIOACTIVE,AACSA,ZARZAMORAS,Mx,5.62275,6.375,6000,4250,1,5,569,0.168,2.6%
CREZYMAX BIOACTIVE,AACSA,ARÁNDANOS,Mx,1.9845,2.25,1576,1500,1,5,,,0.0%
JUNIPERUS STRESSOFF,AACSA,AGAVE,Mx,10.41606264,54,215000,60000,1,3,4840,,0.0%
JUNIPERUS STRESSOFF,AACSA,AGUACATES,Mx,3.472020881,18,23680,10000,3,2,836,,0.0%
JUNIPERUS STRESSOFF,AACSA,TOMATES,Mx,1.388808352,7.2,5000,4000,2,3,2342,1.26,17.5%
JUNIPERUS STRESSOFF,AACSA,PAPAYA,Mx,0.578670147,3,10000,5000,2,1,8057,2.1,70.0%
JUNIPERUS STRESSOFF,AACSA,ZARZAMORAS,Mx,0.520803132,2.7,6000,3000,1,3,8713,2.08,77.0%
QUERKUS SMARTSELECT,AACSA,BANANO,Mx,1.117066105,10.5,10000,3500,5,2,2132,0.6,5.7%
QUERKUS SMARTSELECT,AACSA,AGUACATES,Mx,0.57449114,5.4,23680,3000,2,3,780,,0.0%
QUERKUS SMARTSELECT,AACSA,TOMATES,Mx,0.229796456,2.16,5000,1800,2,2,,,0.0%
QUERKUS SMARTSELECT,AACSA,ARÁNDANOS,Mx,0.191497047,1.8,1576,1500,2,2,660,,0.0%
QUERKUS SMARTSELECT,AACSA,FRAMBUESAS,Mx,0.095748523,0.9,5150,3000,1,1,700,,0.0%
ROOTING ADSTRONG,AACSA,AGUACATES,Mx,2.825416245,6.75,23680,7500,3,1,514,,0.0%
ROOTING ADSTRONG,AACSA,BANANO,Mx,2.637055162,6.3,10000,7000,3,1,4075,1.136,18.0%
ROOTING ADSTRONG,AACSA,PAPAYA,Mx,1.255740553,3,10000,5000,1,2,1711,0.9,30.0%
ROOTING ADSTRONG,AACSA,ZARZAMORAS,Mx,0.627870277,1.5,6000,2500,1,2,3181,0.32,21.3%
ROOTING ADSTRONG,AACSA,TOMATES,Mx,0.376722166,0.9,5000,1500,1,2,214,,0.0%
ROOTING SMARTSELECT,AACSA,AGUACATES,Mx,7.778774215,19.5,23680,13000,1,5,2611,,0.0%
ROOTING SMARTSELECT,AACSA,FRAMBUESAS,Mx,4.930546118,12.36,5150,5150,2,4,11807,1.96,15.9%
ROOTING SMARTSELECT,AACSA,ZARZAMORAS,Mx,3.590203484,9,6000,5000,1.5,4,112002,30.92,343.6%
ROOTING SMARTSELECT,AACSA,TOMATES,Mx,1.256571219,3.15,5000,3500,1.5,2,19697,2.28,72.4%
ROOTING SMARTSELECT,AACSA,CHILES PICOSOS,Mx,0.957387596,2.4,3000,2000,2,2,9876,5.14,214.2%
ACIGGIB ADSTRONG,AGRICA,BANANO,Col,10.9023761,12.105,134518,134500,0.3,1,,,0.0%
ACIGGIB ADSTRONG,AGRICA,PIÑA,Col,1.350975973,1.5,26000,10000,0.5,1,,,0.0%
ACIGGIB ADSTRONG,AGRICA,FLORES DE CORTE,Col,0.540390389,0.6,5000,5000,0.2,2,,,0.0%
ACIGGIB ADSTRONG,AGRICA,VIDES DE MESA,Col,0.135097597,0.15,2500,2500,0.1,2,,,0.0%
AGROMIL PLUS REACTMAXX,AGRICA,CACAO,Col,24.89086264,9,146000,20000,0.5,3,,,0.0%
AGROMIL PLUS REACTMAXX,AGRICA,AGUACATES,Col,16.2791677,6,39172,10000,1,2,36,,0.0%
AGROMIL PLUS REACTMAXX,AGRICA,PIÑA,Col,16.2791677,6,26000,10000,2,1,,,0.0%
AGROMIL PLUS REACTMAXX,AGRICA,VIDES DE MESA,Col,1.953500124,0.72,2500,1200,1,2,,,0.0%
AGROMIL PLUS REACTMAXX,AGRICA,FLORES DE CORTE,Col,1.659390843,0.6,5000,2000,0.5,2,326,,0.0%
AGROMIL V,AGRICA,BANANO,Col,26.80074866,36,134518,100000,0.3,4,3849,2.36,6.6%
AGROMIL V,AGRICA,ARROZ,Col,17.86716577,24,597000,80000,1,1,3814,,0.0%
AGROMIL V,AGRICA,PAPA,Col,15.20149432,21,149000,70000,0.5,2,,,0.0%
AGROMIL V,AGRICA,AGUACATES,Col,9.772389208,13.5,39172,15000,1,3,3099,,0.0%
AGROMIL V,AGRICA,FLORES DE CORTE,Col,3.257463069,4.5,5000,5000,1,3,2346,1.08,24.0%
AGROMIL V,AGRICA,MARACUYA,Col,0.434328409,0.6,10000,2000,0.5,2,,,0.0%
AV5G BIOACTIVE,AGRICA,CAFÉ,Col,64.22411338,72,798000,120000,1,2,,,0.0%
AV5G BIOACTIVE,AGRICA,ARROZ,Col,33.5196659,28.5,597000,95000,1,1,,,0.0%
AV5G BIOACTIVE,AGRICA,CACAO,Col,16.05602834,18,146000,20000,1,3,,,0.0%
AV5G BIOACTIVE,AGRICA,PIÑA,Col,12.04202126,13.5,26000,15000,1,3,,,0.0%
AV5G BIOACTIVE,AGRICA,AGUACATES,Col,8.028014172,9,39172,15000,1,2,,,0.0%
AV5G BIOACTIVE,AGRICA,VIDES DE MESA,Col,2.007003543,2.25,2500,2500,1,3,,,0.0%
BRX COLOR,AGRICA,PIÑA,Col,2.181818182,6,26000,10000,1,2,,,0.0%
BRX COLOR,AGRICA,TOMATES,Col,2.181818182,6,21000,10000,1,2,,,0.0%
BRX COLOR,AGRICA,VIDES DE MESA,Col,0.654545455,1.8,2500,1500,2,2,,,0.0%
BRX COLOR,AGRICA,FLORES DE CORTE,Col,0.436363636,1.2,5000,2000,1,2,,,0.0%
JUNIPERUS STRESSOFF,AGRICA,PAPA,Col,49.15554617,126,149000,70000,3,2,180,,0.0%
JUNIPERUS STRESSOFF,AGRICA,CAFÉ,Col,28.08888352,72,798000,120000,1,2,362,,0.0%
JUNIPERUS STRESSOFF,AGRICA,CACAO,Col,10.53333132,27,146000,45000,1,2,240,,0.0%
JUNIPERUS STRESSOFF,AGRICA,TOMATES,Col,7.022220881,18,21000,10000,2,3,,,0.0%
JUNIPERUS STRESSOFF,AGRICA,AGUACATES,Col,4.681480587,12,39172,20000,1,2,3842,,0.0%
JUNIPERUS STRESSOFF,AGRICA,MAIZ,Col,4.096295514,10.5,383000,35000,1,1,,,0.0%
JUNIPERUS STRESSOFF,AGRICA,VIDES DE MESA,Col,1.170370147,3,2500,2500,2,2,,,0.0%
JUNIPERUS STRESSOFF,AGRICA,MARACUYA,Col,0.468148059,1.2,10000,2000,1,2,,,0.0%
LPG 456 REACTMAXX,AGRICA,CAFÉ,Col,26.98345157,60,798000,100000,1,2,2700,,0.0%
LPG 456 REACTMAXX,AGRICA,PAPA,Col,18.8884161,42,149000,70000,1,2,,,0.0%
LPG 456 REACTMAXX,AGRICA,ARROZ,Col,18.36502829,48,597000,80000,1,2,2004,0.024,0.1%
LPG 456 REACTMAXX,AGRICA,PIÑA,Col,16.19007094,36,26000,15000,4,2,,,0.0%
LPG 456 REACTMAXX,AGRICA,AGUACATES,Col,12.3963941,32.4,39172,27000,4,1,720,,0.0%
LPG 456 REACTMAXX,AGRICA,CACAO,Col,12.14255321,27,146000,45000,2,1,,,0.0%
LPG 456 REACTMAXX,AGRICA,MAIZ,Col,4.722104025,10.5,383000,35000,1,1,,,0.0%
LPG 456 REACTMAXX,AGRICA,TOMATES,Col,4.591257073,12,21000,10000,2,2,,,0.0%
LPG 456 REACTMAXX,AGRICA,FLORES DE CORTE,Col,2.023758868,4.5,5000,5000,1,3,,,0.0%
LPG 456 REACTMAXX,AGRICA,VIDES DE MESA,Col,1.349172578,3,2500,2500,2,2,,,0.0%
LPG 456 REACTMAXX,AGRICA,MARACUYA,Col,1.033032841,2.7,10000,2000,1.5,3,,,0.0%
ROOTING ADSTRONG,AGRICA,BANANO,Col,34.34319747,40.5,134518,45000,3,1,483,,0.0%
ROOTING ADSTRONG,AGRICA,CAFÉ,Col,22.89546498,27,798000,45000,2,1,,,0.0%
ROOTING ADSTRONG,AGRICA,AGUACATES,Col,7.63182166,9,39172,10000,3,1,2179,,0.0%
ROOTING ADSTRONG,AGRICA,PIÑA,Col,5.087881107,6,26000,10000,2,1,,,0.0%
ROOTING ADSTRONG,AGRICA,FLORES DE CORTE,Col,2.543940553,3,5000,5000,2,1,362,,0.0%
ROOTING ADSTRONG,AGRICA,VIDES DE MESA,Col,1.526364332,1.8,2500,2000,3,1,,,0.0%
ROOTING ADSTRONG,AGRICA,MARACUYA,Col,1.017576221,1.2,10000,2000,1,2,,,0.0%
ACIGGIB ADSTRONG,AGRICOLA PISCIS,BANANO,Cos R,17.31727184,16.4565,44500,26500,2.07,1,13155,2.148,13.1%
AGROMIL PLUS REACTMAXX,AGRICOLA PISCIS,PIÑA,Cos R,16.77448324,6.45,43000,10750,1,2,2934,0.66,10.2%
AGROMIL PLUS REACTMAXX,AGRICOLA PISCIS,ARROZ,Cos R,9.28448142,3.57,34000,11900,0.5,2,200,,0.0%
AGROMIL PLUS REACTMAXX,AGRICOLA PISCIS,CAFÉ,Cos R,6.280678607,2.415,80500,16100,0.5,1,248,,0.0%
AGROMIL PLUS REACTMAXX,AGRICOLA PISCIS,TOMATES,Cos R,1.85377545,0.7128,1100,990,0.8,3,,,0.0%
AGROMIL PLUS REACTMAXX,AGRICOLA PISCIS,MELONES,Cos R,0.436916773,0.168,2800,1120,0.5,1,810,0.1,59.5%
AGROMIL V,AGRICOLA PISCIS,BANANO,Cos R,5.050779579,11.13,44500,26500,0.2,7,106408,37.41,336.1%
AV5G BIOACTIVE,AGRICOLA PISCIS,CAFÉ,Cos R,7.37033031,4.83,80500,16100,0.5,2,,,0.0%
AV5G BIOACTIVE,AGRICOLA PISCIS,MELONES,Cos R,1.025437261,0.672,2800,1120,1,2,,,0.0%
AV5G BIOACTIVE,AGRICOLA PISCIS,TOMATES,Cos R,0.302137764,0.198,1100,330,1,2,,,0.0%
DCS3+,AGRICOLA PISCIS,BANANO,Cos R,3.972142028,19.875,44500,26500,0.5,5,,,0.0%
DCS3+,AGRICOLA PISCIS,PLATANO,Cos R,0.079143056,0.396,2200,880,0.5,3,,,0.0%
DCS3+,AGRICOLA PISCIS,AJO Y CEBOLLA,Cos R,0.04316894,0.216,1200,360,1,2,,,0.0%
LPG 456 REACTMAXX,AGRICOLA PISCIS,PIÑA,Cos R,13.4573701,25.8,43000,10750,8,1,,,0.0%
LPG 456 REACTMAXX,AGRICOLA PISCIS,CAFÉ,Cos R,5.038689734,9.66,80500,16100,1,2,,,0.0%
LPG 456 REACTMAXX,AGRICOLA PISCIS,ARROZ,Cos R,3.724248934,7.14,34000,11900,1,2,,,0.0%
LPG 456 REACTMAXX,AGRICOLA PISCIS,SANDIAS,Cos R,0.372424893,0.714,1700,1190,1,2,,,0.0%
LPG 456 REACTMAXX,AGRICOLA PISCIS,MELONES,Cos R,0.350517547,0.672,2800,1120,1,2,,,0.0%
QUERKUS SMARTSELECT,AGRICOLA PISCIS,PIÑA,Cos R,2.08025695,5.16,43000,4300,2,2,,,0.0%
QUERKUS SMARTSELECT,AGRICOLA PISCIS,PLATANO,Cos R,0.425727004,1.056,2200,880,2,2,,,0.0%
ROOTING SMARTSELECT,AGRICOLA PISCIS,CAFÉ,Cos R,23.23683913,28.98,80500,24150,2,2,7416,2.225,7.7%
ROOTING SMARTSELECT,AGRICOLA PISCIS,TOMATES,Cos R,0.714424557,0.891,1100,990,1.5,2,,,0.0%
ROOTING SMARTSELECT,AGRICOLA PISCIS,PAPA,Cos R,0.455277421,0.594,3300,1980,1,1,,,0.0%
ROOTING SMARTSELECT,AGRICOLA PISCIS,MELONES,Cos R,0.269412628,0.336,2800,1120,1,1,637,0.5,148.8%
ROOTING SMARTSELECT,AGRICOLA PISCIS,AJO Y CEBOLLA,Cos R,0.202059471,0.252,1200,420,1,2,,,0.0%
AV5G BIOACTIVE,AGROFUTURO,VIDES DE MESA,Chile,8.080577007,10.8,48000,18000,1,2,,,0.0%
BRX COLOR,AGROFUTURO,CIRUELAS,Chile,1.854545455,5.1,17000,8500,1,2,,,0.0%
JUNIPERUS STRESSOFF,AGROFUTURO,VIDES DE MESA,Chile,15.0055522,45,48000,25000,2,3,,,0.0%
JUNIPERUS STRESSOFF,AGROFUTURO,AGUACATES,Chile,12.00444176,36,30000,20000,3,2,1506,0.3,0.8%
JUNIPERUS STRESSOFF,AGROFUTURO,CEREZOS,Chile,10.00370147,30,50000,25000,2,2,,,0.0%
JUNIPERUS STRESSOFF,AGROFUTURO,AVELLANO,Chile,6.002220881,18,17000,15000,2,2,402,,0.0%
LPG 456 REACTMAXX,AGROFUTURO,AGUACATES,Chile,18.08945157,60,30000,25000,4,2,471,,0.0%
LPG 456 REACTMAXX,AGROFUTURO,CEREZOS,Chile,16.65843334,52.5,50000,35000,5,1,,,0.0%
LPG 456 REACTMAXX,AGROFUTURO,VIDES DE MESA,Chile,9.044725784,30,48000,25000,2,2,72,0.072,0.2%
LPG 456 REACTMAXX,AGROFUTURO,CIRUELAS,Chile,2.427371715,7.65,17000,8500,3,1,,,0.0%
LPG 456 REACTMAXX,AGROFUTURO,TOMATES,Chile,1.085367094,3.6,4000,3000,2,2,,,0.0%
ROOTING SMARTSELECT,AGROFUTURO,AGUACATES,Chile,33.7352157,42,30000,20000,1,7,2834,0.976,2.3%
ROOTING SMARTSELECT,AGROFUTURO,CEREZOS,Chile,15.02692174,18,50000,20000,3,1,4644,2.566,14.3%
ROOTING SMARTSELECT,AGROFUTURO,AVELLANO,Chile,14.45794959,18,17000,15000,2,2,2324,,0.0%
ROOTING SMARTSELECT,AGROFUTURO,VIDES DE MESA,Chile,10.01794783,12,48000,10000,2,2,9342,6.554,54.6%
AGROMIL PLUS REACTMAXX,AGROXAL,TOMATES,Mx,1.127131311,1.08,1700,1500,0.8,3,,,0.0%
AGROMIL PLUS REACTMAXX,AGROXAL,CHILES PICOSOS,Mx,0.704457069,0.675,1700,1500,0.5,3,,,0.0%
AGROMIL V,AGROXAL,CHILES PICOSOS,Mx,0.254019016,0.9,1700,1500,1,2,,,0.0%
AGROMIL V,AGROXAL,TOMATES,Mx,0.254019016,0.9,1500,1500,1,2,,,0.0%
BRX COLOR,AGROXAL,TOMATES,Mx,0.174545455,0.48,1500,800,1,2,,,0.0%
JUNIPERUS STRESSOFF,AGROXAL,CHILES PICOSOS,Mx,0.260401566,1.35,1700,1500,1,3,,,0.0%
ROOTING ADSTRONG,AGROXAL,CHILES PICOSOS,Mx,0.565083249,1.35,1700,1500,1.5,2,,,0.0%
ROOTING SMARTSELECT,AGROXAL,CHILES PICOSOS,Mx,0.718040697,1.8,1700,1500,2,2,,,0.0%
ROOTING SMARTSELECT,AGROXAL,TOMATES,Mx,0.538530523,1.35,1500,1500,1.5,2,,,0.0%
JUNIPERUS STRESSOFF,AICG,HORTALIZAS,Chile,1.800666264,5.4,90000,9000,1,2,,,0.0%
JUNIPERUS STRESSOFF,AICG,TOMATES,Chile,0.200074029,0.6,4000,1000,1,2,,,0.0%
LPG 456 REACTMAXX,AICG,HORTALIZAS,Chile,3.256101282,10.8,90000,9000,2,2,,,0.0%
LPG 456 REACTMAXX,AICG,TOMATES,Chile,0.361789031,1.2,4000,1000,2,2,,,0.0%
AGROMIL PLUS REACTMAXX,BCN,TOMATES,Mx,2.25450966,2.16,3000,3000,0.8,3,,,0.0%
AGROMIL PLUS REACTMAXX,BCN,FRESAS,Mx,0.939379025,0.9,2000,1000,1.5,2,,,0.0%
AGROMIL PLUS REACTMAXX,BCN,CHILES PICOSOS,Mx,0.563627415,0.54,1200,1200,0.5,3,,,0.0%
AV5G BIOACTIVE,BCN,ESPARRAGO,Mx,2.618893034,1.8,8000,3000,1,2,,,0.0%
AV5G BIOACTIVE,BCN,TOMATES,Mx,2.618893034,1.8,3000,3000,1,2,,,0.0%
AV5G BIOACTIVE,BCN,VIDES DE MESA,Mx,2.618893034,1.8,4608,3000,1,2,,,0.0%
AV5G BIOACTIVE,BCN,FRESAS,Mx,1.74592869,1.2,2000,2000,0.5,4,,,0.0%
AV5G BIOACTIVE,BCN,CHILES PICOSOS,Mx,1.571335821,1.08,1200,1200,1,3,,,0.0%
BRX COLOR,BCN,FRESAS,Mx,0.327272727,0.9,2000,1000,1,3,,,0.0%
BRX COLOR,BCN,TOMATES,Mx,0.327272727,0.9,3000,1000,1,3,,,0.0%
BRX COLOR,BCN,VIDES DE MESA,Mx,0.087272727,0.24,4608,400,1,2,,,0.0%
CREZYMAX BIOACTIVE,BCN,FRESAS,Mx,0.4006044,0.4542,2000,1514,0.2,5,,,0.0%
JUNIPERUS STRESSOFF,BCN,TOMATES,Mx,0.940761897,5.4,3000,3000,2,3,,,0.0%
JUNIPERUS STRESSOFF,BCN,VIDES DE MESA,Mx,0.470380948,2.7,4608,3000,1,3,,,0.0%
JUNIPERUS STRESSOFF,BCN,CHILES PICOSOS,Mx,0.188152379,1.08,1200,1200,1,3,,,0.0%
QUERKUS SMARTSELECT,BCN,TOMATES,Mx,0.393056966,3.6,3000,3000,2,2,,,0.0%
QUERKUS SMARTSELECT,BCN,FRESAS,Mx,0.131018989,1.2,2100,2000,1,2,,,0.0%
ROOTING ADSTRONG,BCN,ESPARRAGO,Mx,2.275957388,5.25,8000,3500,2.5,2,,,0.0%
ROOTING ADSTRONG,BCN,VIDES DE MESA,Mx,1.040437663,2.4,4608,2000,2,2,,,0.0%
ROOTING ADSTRONG,BCN,TOMATES,Mx,0.390164124,0.9,3000,1500,1,2,,,0.0%
ROOTING ADSTRONG,BCN,FRESAS,Mx,0.260109416,0.6,2100,1000,1,2,,,0.0%
ROOTING ADSTRONG,BCN,CHILES PICOSOS,Mx,0.234098474,0.54,1200,600,1.5,2,,,0.0%
ROOTING SMARTSELECT,BCN,ESPARRAGO,Mx,2.116881381,5.25,8000,3500,2.5,2,,,0.0%
ROOTING SMARTSELECT,BCN,TOMATES,Mx,0.544340926,1.35,3000,1500,1.5,2,,,0.0%
ROOTING SMARTSELECT,BCN,FRESAS,Mx,0.483858601,1.2,2000,1000,2,2,,,0.0%
ROOTING SMARTSELECT,BCN,CHILES PICOSOS,Mx,0.290315161,0.72,1200,600,2,2,,,0.0%
ACIGGIB ADSTRONG,CIBA,VIDES DE MESA,Mx,0.076967783,0.18,7520,1000,0.2,3,96,,0.0%
AGROMIL PLUS REACTMAXX,CIBA,CHILES PICOSOS,Mx,4.106880461,4.5,59850,10000,0.5,3,21166,5.36,119.1%
AGROMIL PLUS REACTMAXX,CIBA,TOMATES,Mx,3.285504369,3.6,5990,5000,0.8,3,6185,2.16,60.0%
AGROMIL PLUS REACTMAXX,CIBA,VIDES DE MESA,Mx,1.642752185,1.8,7520,3000,1,2,180,,0.0%
AGROMIL PLUS REACTMAXX,CIBA,CUCURBITACEAS,Mx,0.739238483,0.81,1800,1800,0.5,3,,,0.0%
AGROMIL V,CIBA,CHILES PICOSOS,Mx,2.951768185,12,119700,20000,1,2,20286,6.456,53.8%
AGROMIL V,CIBA,TOMATES,Mx,0.539203102,2.4,11980,4000,1,2,6213,1.032,43.0%
AGROMIL V,CIBA,VIDES DE MESA,Mx,0.313438445,1.2,7520,2000,1,2,484,,0.0%
AGROMIL V,CIBA,CUCURBITACEAS,Mx,0.171697878,0.75,3600,2500,0.5,2,,,0.0%
AV5G BIOACTIVE,CIBA,VIDES DE MESA,Mx,6.866767369,4.5,7520,5000,1,3,,,0.0%
AV5G BIOACTIVE,CIBA,TOMATES,Mx,3.491857379,2.4,5990,4000,1,2,,,0.0%
BRX COLOR,CIBA,TOMATES,Mx,0.872727273,2.4,5990,4000,1,2,,,0.0%
JUNIPERUS STRESSOFF,CIBA,CHILES PICOSOS,Mx,1.60769625,9,59850,10000,1,3,20714,4.356,48.4%
JUNIPERUS STRESSOFF,CIBA,TOMATES,Mx,1.49661044,9,5990,5000,2,3,12284,2.98,33.1%
JUNIPERUS STRESSOFF,CIBA,VIDES DE MESA,Mx,1.441276824,9,7520,5000,2,3,712,,0.0%
QUERKUS SMARTSELECT,CIBA,CHILES PICOSOS,Mx,0.489482058,3.6,59850,3000,2,2,1504,,0.0%
QUERKUS SMARTSELECT,CIBA,VIDES DE MESA,Mx,0.195329395,2.4,7520,1000,2,4,,,0.0%
QUERKUS SMARTSELECT,CIBA,TOMATES,Mx,0.130528549,0.96,5990,800,2,2,,,0.0%
QUERKUS SMARTSELECT,CIBA,CUCURBITACEAS,Mx,0.029299409,0.36,1800,300,2,2,,,0.0%
RESERBION STRESSOFF,CIBA,VIDES DE MESA,Mx,2.9176,21,7520,7000,5,2,400,,0.0%
ROOTING ADSTRONG,CIBA,CHILES PICOSOS,Mx,3.20922166,9,59850,10000,1.5,2,22457,6.684,74.3%
ROOTING ADSTRONG,CIBA,VIDES DE MESA,Mx,3.20922166,9,7520,5000,3,2,,,0.0%
ROOTING ADSTRONG,CIBA,TOMATES,Mx,0.856754584,2.4,5990,4000,1,2,13115,6.08,253.3%
ROOTING ADSTRONG,CIBA,CUCURBITACEAS,Mx,0.359851923,0.9,1800,1000,1,3,,,0.0%
ROOTING SMARTSELECT,CIBA,CHILES PICOSOS,Mx,4.186937978,12,59850,10000,2,2,14156,3.24,27.0%
ROOTING SMARTSELECT,CIBA,VIDES DE MESA,Mx,1.88412209,5.4,7520,3000,2,3,440,,0.0%
ROOTING SMARTSELECT,CIBA,TOMATES,Mx,0.471030523,1.35,5990,1500,1.5,2,5710,2,148.1%
ROOTING SMARTSELECT,CIBA,CUCURBITACEAS,Mx,0.418693798,1.2,1800,1000,2,2,,,0.0%
AGROMIL PLUS REACTMAXX,DITECOSA,NOGAL,Mx,6.566020793,7.0713,18557,15714,0.5,3,556,,0.0%
AGROMIL PLUS REACTMAXX,DITECOSA,VIDES DE MESA,Mx,5.571270453,6,24102,10000,1,2,72408,14.215,236.9%
AGROMIL PLUS REACTMAXX,DITECOSA,SANDIAS,Mx,1.949944659,2.1,5903,5000,0.7,2,6010,2.315,110.2%
AGROMIL PLUS REACTMAXX,DITECOSA,CHILES PICOSOS,Mx,1.04461321,1.125,3133,2500,0.5,3,5618,2.252,200.2%
AGROMIL PLUS REACTMAXX,DITECOSA,MELONES,Mx,0.919259625,0.99,2360,2200,0.5,3,13565,4.43,447.5%
AGROMIL PLUS REACTMAXX,DITECOSA,TOMATES,Mx,0.802262945,0.864,1466,1200,0.8,3,8275,0.684,79.2%
AGROMIL PLUS REACTMAXX,DITECOSA,CUCURBITACEAS,Mx,0.417845284,0.45,1487,1000,0.5,3,165,,0.0%
AGROMIL V,DITECOSA,VIDES DE MESA,Mx,1.544242393,9,24102,10000,1,3,21954,5.44,60.4%
AV5G BIOACTIVE,DITECOSA,VIDES DE MESA,Mx,27.46706948,18,24102,20000,1,3,1000,,0.0%
AV5G BIOACTIVE,DITECOSA,NOGAL,Mx,9.155689826,6,18557,10000,1,2,,,0.0%
AV5G BIOACTIVE,DITECOSA,ESPARRAGO,Mx,4.577844913,3,15300,5000,1,2,,,0.0%
AV5G BIOACTIVE,DITECOSA,MELONES,Mx,1.373353474,0.9,2360,1000,1,3,,,0.0%
AV5G BIOACTIVE,DITECOSA,TOMATES,Mx,1.373353474,0.9,1466,1000,1,3,,,0.0%
AV5G BIOACTIVE,DITECOSA,CUCURBITACEAS,Mx,0.640898288,0.42,1487,700,1,2,,,0.0%
AV5G BIOACTIVE,DITECOSA,CHILES PICOSOS,Mx,0.457784491,0.3,3133,500,1,2,,,0.0%
BRX COLOR,DITECOSA,VIDES DE MESA,Mx,1.309090909,3.6,24102,3000,2,2,,,0.0%
BRX COLOR,DITECOSA,SANDIAS,Mx,1.090909091,3,5903,5000,1,2,,,0.0%
BRX COLOR,DITECOSA,TOMATES,Mx,0.152727273,0.42,1466,700,1,2,,,0.0%
JUNIPERUS STRESSOFF,DITECOSA,NOGAL,Mx,3.368445184,18.8568,18557,15714,2,2,71,,0.0%
JUNIPERUS STRESSOFF,DITECOSA,VIDES DE MESA,Mx,3.215392501,18,24102,10000,2,3,155836,21.796,121.1%
JUNIPERUS STRESSOFF,DITECOSA,MELONES,Mx,1.4147727,7.92,2360,2200,2,6,9799,5.812,73.4%
JUNIPERUS STRESSOFF,DITECOSA,SANDIAS,Mx,1.0717975,6,5903,5000,2,2,7699,6.712,111.9%
JUNIPERUS STRESSOFF,DITECOSA,CUCURBITACEAS,Mx,0.675232425,3.78,3847,3200,1.5,3,28,,0.0%
JUNIPERUS STRESSOFF,DITECOSA,CHILES PICOSOS,Mx,0.401924063,2.25,3133,2500,1,3,11,,0.0%
JUNIPERUS STRESSOFF,DITECOSA,TOMATES,Mx,0.3858471,2.16,1466,1200,2,3,3,,0.0%
RESERBION STRESSOFF,DITECOSA,VIDES DE MESA,Mx,4.18442,30,24102,10000,5,2,37360,15.96,53.2%
ROOTING ADSTRONG,DITECOSA,ESPARRAGO,Mx,8.995923133,25.2,15300,14000,3,2,9574,8.5,33.7%
ROOTING ADSTRONG,DITECOSA,VIDES DE MESA,Mx,6.425659381,18,24102,10000,3,2,32682,3.124,17.4%
ROOTING ADSTRONG,DITECOSA,SANDIAS,Mx,1.07094323,3,5903,5000,1,2,4826,1.992,66.4%
ROOTING ADSTRONG,DITECOSA,CHILES PICOSOS,Mx,0.803207423,2.25,3133,2500,1.5,2,4839,2.16,96.0%
ROOTING ADSTRONG,DITECOSA,CUCURBITACEAS,Mx,0.79249799,2.22,3847,3200,1,2,1074,,0.0%
ROOTING ADSTRONG,DITECOSA,MELONES,Mx,0.471215021,1.32,2360,2200,1,2,7298,4.424,335.2%
ROOTING ADSTRONG,DITECOSA,TOMATES,Mx,0.257026375,0.72,1466,1200,1,2,3087,0.5,69.4%
ROOTING SMARTSELECT,DITECOSA,VIDES DE MESA,Mx,3.906608643,12,24102,10000,2,2,12940,,0.0%
AGROMIL PLUS REACTMAXX,DROKASA,VIDES DE MESA,Perú,22.93654091,12,33200,20000,1,2,49060,15.72,131.0%
AGROMIL PLUS REACTMAXX,DROKASA,ARÁNDANOS,Perú,2.358688123,1.2,15000,5000,0.8,1,8873,,0.0%
AGROMIL V,DROKASA,ARROZ,Perú,45.05688339,90,422434,150000,1,2,12332,1.92,2.1%
AGROMIL V,DROKASA,ESPARRAGO,Perú,7.517773129,14.85,32365,16500,1,3,4263,1.8,12.1%
AGROMIL V,DROKASA,VIDES DE MESA,Perú,4.556226139,9,33200,15000,1,2,2010,,0.0%
CREZYMAX BIOACTIVE,DROKASA,ARÁNDANOS,Perú,3.2809,10.5,15000,7000,1,5,,,0.0%
JUNIPERUS STRESSOFF,DROKASA,PAPA,Perú,12.56464904,37.68,310400,31400,2,2,,,0.0%
JUNIPERUS STRESSOFF,DROKASA,VIDES DE MESA,Perú,8.360405569,18,33200,20000,1,3,,,0.0%
JUNIPERUS STRESSOFF,DROKASA,CÍTRICOS,Perú,8.002961175,24,25981,20000,2,2,,,0.0%
JUNIPERUS STRESSOFF,DROKASA,MANGO,Perú,7.502776101,22.5,29000,25000,1.5,2,,,0.0%
JUNIPERUS STRESSOFF,DROKASA,ESPARRAGO,Perú,7.202665057,21.6,32365,18000,2,2,,,0.0%
JUNIPERUS STRESSOFF,DROKASA,ARÁNDANOS,Perú,4.117823635,12.3489,15000,13721,1,3,,,0.0%
JUNIPERUS STRESSOFF,DROKASA,AGUACATES,Perú,3.561317723,10.68,39500,17800,1,2,,,0.0%
LPG 456 REACTMAXX,DROKASA,ARROZ,Perú,29.37119253,90,422434,150000,1,2,420,0.42,0.5%
LPG 456 REACTMAXX,DROKASA,AGUACATES,Perú,19.53660769,64.8,39500,27000,4,2,,,0.0%
LPG 456 REACTMAXX,DROKASA,ESPARRAGO,Perú,9.044725784,30,32365,25000,2,2,,,0.0%
LPG 456 REACTMAXX,DROKASA,MANGO,Perú,8.682936753,28.8,29000,24000,2,2,,,0.0%
LPG 456 REACTMAXX,DROKASA,PAPA,Perú,5.680087793,18.84,310400,31400,1,2,,,0.0%
LPG 456 REACTMAXX,DROKASA,CÍTRICOS,Perú,5.426835471,18,25981,20000,1.5,2,,,0.0%
QUERKUS SMARTSELECT,DROKASA,AGUACATES,Perú,24.22972026,48.6,39500,27000,3,2,,,0.0%
QUERKUS SMARTSELECT,DROKASA,CÍTRICOS,Perú,11.65808503,23.3838,25981,12991,3,2,,,0.0%
QUERKUS SMARTSELECT,DROKASA,MANGO,Perú,5.982646977,12,29322,20000,2,1,,,0.0%
ROOTING SMARTSELECT,DROKASA,AGUACATES,Perú,56.44148998,82.9269,39500,39489,1,7,4452,,0.0%
ROOTING SMARTSELECT,DROKASA,ESPARRAGO,Perú,16.33481729,24,32365,20000,2,2,465,,0.0%
ROOTING SMARTSELECT,DROKASA,VIDES DE MESA,Perú,16.33481729,24,33200,20000,2,2,49318,10.6,44.2%
ROOTING SMARTSELECT,DROKASA,ARÁNDANOS,Perú,10.96326832,16.4652,15000,13721,2,2,11302,4.44,27.0%
ACIGGIB ADSTRONG,DYSEA,CHILES PICOSOS,Mx,1.5075,2.4,25000,20000,0.1,4,382,,0.0%
AGROMIL PLUS REACTMAXX,DYSEA,ALGODÓN,Mx,27.44487138,30,150000,100000,0.5,2,128299,39.7,132.3%
AGROMIL PLUS REACTMAXX,DYSEA,CHILES PICOSOS,Mx,8.233461414,9,25000,20000,0.5,3,52000,12.908,143.4%
AV5G BIOACTIVE,DYSEA,MANZANA,Mx,18.31137965,12,33000,10000,2,2,360,,0.0%
BRX COLOR,DYSEA,MANZANA,Mx,4.363636364,12,33000,10000,2,2,,,0.0%
CREZYMAX BIOACTIVE,DYSEA,MANZANA,Mx,-11.06924319,24,33000,16000,5,1,,,0.0%
JUNIPERUS STRESSOFF,DYSEA,ALGODÓN,Mx,2.882553648,18,150000,30000,1,2,7440,0.5,2.8%
JUNIPERUS STRESSOFF,DYSEA,CHILES PICOSOS,Mx,2.882553648,18,25000,20000,1,3,3500,2.1,11.7%
QUERKUS SMARTSELECT,DYSEA,CHILES PICOSOS,Mx,2.328730668,24,25000,20000,2,2,1500,,0.0%
RESERBION STRESSOFF,DYSEA,MANZANA,Mx,12.55326,90,33000,30000,5,2,1540,,0.0%
ROOTING ADSTRONG,DYSEA,MANZANA,Mx,14.39407692,36,33000,30000,2,2,26620,11,30.6%
ROOTING ADSTRONG,DYSEA,CHILES PICOSOS,Mx,7.197038461,18,25000,20000,1.5,2,31050,11.644,64.7%
ACIGGIB ADSTRONG,ECOLOGIKA,TOMATES,Nic,0.750872056,0.6,1700,1000,1,2,99,,0.0%
ACIGGIB ADSTRONG,ECOLOGIKA,BANANO,Nic,0.375436028,0.3,1700,1000,1,1,3316,0.204,68.0%
AGROMIL PLUS REACTMAXX,ECOLOGIKA,CAFÉ,Nic,33.84806571,15.75,146000,35000,0.5,3,320,0.12,0.8%
AGROMIL PLUS REACTMAXX,ECOLOGIKA,LEGUMINOSA,Nic,12.89450122,6,224000,20000,0.5,2,,,0.0%
AGROMIL PLUS REACTMAXX,ECOLOGIKA,ARROZ,Nic,9.670875916,4.5,67000,15000,0.5,2,,,0.0%
AGROMIL PLUS REACTMAXX,ECOLOGIKA,TOMATES,Nic,1.547340147,0.72,1700,1000,0.8,3,334,0.134,18.6%
AGROMIL V,ECOLOGIKA,CAFÉ,Nic,9.710865588,21,146000,35000,1,2,,,0.0%
AGROMIL V,ECOLOGIKA,LEGUMINOSA,Nic,6.564082317,12,224000,20000,1,2,,,0.0%
AGROMIL V,ECOLOGIKA,ARROZ,Nic,4.161799538,9,67000,15000,1,2,200,,0.0%
AGROMIL V,ECOLOGIKA,TOMATES,Nic,0.277453303,0.6,1700,1000,1,2,1186,0.686,114.3%
BRX COLOR,ECOLOGIKA,TOMATES,Nic,0.327272727,0.9,1700,1500,1,2,,,0.0%
LPG 456 REACTMAXX,ECOLOGIKA,CAFÉ,Nic,10.2742258,21,146000,35000,1,2,,,0.0%
LPG 456 REACTMAXX,ECOLOGIKA,LEGUMINOSA,Nic,5.870986171,12,224000,20000,1,2,,,0.0%
LPG 456 REACTMAXX,ECOLOGIKA,ARROZ,Nic,4.403239628,9,67000,15000,1,2,,,0.0%
LPG 456 REACTMAXX,ECOLOGIKA,CAÑA DE AZUCAR,Nic,2.935493086,6,73903,10000,1,2,,,0.0%
LPG 456 REACTMAXX,ECOLOGIKA,TOMATES,Nic,0.293549309,0.6,1700,1000,1,2,,,0.0%
QUERKUS SMARTSELECT,ECOLOGIKA,CAFÉ,Nic,19.30062275,42,146000,35000,2,2,,,0.0%
QUERKUS SMARTSELECT,ECOLOGIKA,TOMATES,Nic,0.551446364,1.2,1700,1000,2,2,24,0.024,2.0%
ROOTING SMARTSELECT,ECOLOGIKA,CAFÉ,Nic,16.36425618,21,146000,35000,1,2,,,0.0%
ROOTING SMARTSELECT,ECOLOGIKA,LEGUMINOSA,Nic,9.351003531,12,224000,20000,1,2,200,,0.0%
ROOTING SMARTSELECT,ECOLOGIKA,ARROZ,Nic,3.506626324,4.5,67000,15000,1,1,800,,0.0%
ROOTING SMARTSELECT,ECOLOGIKA,TABACO,Nic,0.935100353,1.2,3700,2000,1,2,3770,1.37,114.2%
ROOTING SMARTSELECT,ECOLOGIKA,TOMATES,Nic,0.701325265,0.9,1700,1000,1.5,2,448,0.048,5.3%
ACIGGIB ADSTRONG,EMPRESAS MELO,BANANO,Pan,-1.940642995,4.347,9500,7000,2.07,1,28044,1.392,32.0%
AGROMIL PLUS REACTMAXX,EMPRESAS MELO,ARROZ,Pan,28.38021859,10.44,58000,34800,0.5,2,12416,2.07,19.8%
AGROMIL PLUS REACTMAXX,EMPRESAS MELO,CAFÉ,Pan,1.106997964,0.585,11800,3900,0.5,1,,,0.0%
AGROMIL PLUS REACTMAXX,EMPRESAS MELO,TOMATES,Pan,0.272491807,0.144,300,240,1,2,,,0.0%
AGROMIL V,EMPRESAS MELO,BANANO,Pan,1.833704239,5.58,9500,9300,0.25,8,5116,0.06,1.1%
AV5G BIOACTIVE,EMPRESAS MELO,PAPA,Pan,0.144039117,0.099,1100,330,1,1,,,0.0%
AV5G BIOACTIVE,EMPRESAS MELO,TOMATES,Pan,0.117850187,0.081,300,90,1,3,,,0.0%
LPG 456 REACTMAXX,EMPRESAS MELO,ARROZ,Pan,9.753950044,20.88,58000,34800,1,2,12844,2.374,11.4%
LPG 456 REACTMAXX,EMPRESAS MELO,MAIZ,Pan,2.205556126,4.8,20000,16000,1,1,18528,3.846,80.1%
LPG 456 REACTMAXX,EMPRESAS MELO,CAFÉ,Pan,1.075208611,2.34,11800,3900,1,2,,,0.0%
LPG 456 REACTMAXX,EMPRESAS MELO,TOMATES,Pan,0.099250026,0.216,300,240,1,3,,,0.0%
LPG 456 REACTMAXX,EMPRESAS MELO,PAPA,Pan,0.09097919,0.198,1100,330,1,2,,,0.0%
QUERKUS SMARTSELECT,EMPRESAS MELO,PLATANO,Pan,0.297160107,1.56,5200,1300,2,2,,,0.0%
ROOTING SMARTSELECT,EMPRESAS MELO,ARROZ,Pan,9.149015773,12.18,58000,40600,1,1,16669,2.88,23.6%
ROOTING SMARTSELECT,EMPRESAS MELO,CAFÉ,Pan,3.091065258,4.68,11800,3900,2,2,2722,0.8,17.1%
ROOTING SMARTSELECT,EMPRESAS MELO,MAIZ,Pan,0.198145209,0.3,20000,1000,1,1,,,0.0%
ROOTING SMARTSELECT,EMPRESAS MELO,PAPA,Pan,0.148454076,0.2145,1100,715,1,1,,,0.0%
ROOTING SMARTSELECT,EMPRESAS MELO,TOMATES,Pan,0.14266455,0.216,300,240,1.5,2,,,0.0%
AGROMIL PLUS REACTMAXX,FORMAQ,NOGAL,Mx,10.91140568,9,34200,20000,0.5,3,922,0.06,0.7%
AGROMIL PLUS REACTMAXX,FORMAQ,MELONES,Mx,3.273421704,2.7,6000,6000,0.5,3,3791,1.716,63.6%
AGROMIL PLUS REACTMAXX,FORMAQ,CHILES PICOSOS,Mx,2.182281136,1.8,4900,4000,0.5,3,3789,1.516,84.2%
AGROMIL PLUS REACTMAXX,FORMAQ,TOMATES,Mx,0.567393095,0.468,650,650,0.8,3,2083,0.592,126.5%
AGROMIL V,FORMAQ,MELONES,Mx,1.11427885,3.6,6000,6000,1,2,3366,1.471,40.9%
AGROMIL V,FORMAQ,CHILES PICOSOS,Mx,0.371426283,1.2,4900,2000,1,2,1911,0.419,34.9%
AGROMIL V,FORMAQ,TOMATES,Mx,0.137140395,0.39,650,650,1,2,1008,0.159,40.8%
AGROMIL V,FORMAQ,CUCURBITACEAS,Mx,0.026411051,0.075,250,250,0.5,2,,,0.0%
BRX COLOR,FORMAQ,MELONES,Mx,0.218181818,0.6,6000,1000,1,2,79,,0.0%
JUNIPERUS STRESSOFF,FORMAQ,NOGAL,Mx,8.505585002,36,34200,20000,2,3,,,0.0%
JUNIPERUS STRESSOFF,FORMAQ,MELONES,Mx,1.701117,7.2,6000,6000,1,4,12116,3.694,51.3%
JUNIPERUS STRESSOFF,FORMAQ,CHILES PICOSOS,Mx,0.587993047,2.7,4900,3000,1,3,8033,2.323,86.0%
JUNIPERUS STRESSOFF,FORMAQ,TOMATES,Mx,0.276431513,1.17,650,650,2,3,5700,1.915,163.7%
JUNIPERUS STRESSOFF,FORMAQ,CUCURBITACEAS,Mx,0.100765522,0.45,250,250,2,3,,,0.0%
QUERKUS SMARTSELECT,FORMAQ,MELONES,Mx,1.368964116,7.2,6000,6000,2,2,5034,1.926,26.8%
QUERKUS SMARTSELECT,FORMAQ,CHILES PICOSOS,Mx,0.912642744,4.8,4900,4000,2,2,3870,1.185,24.7%
QUERKUS SMARTSELECT,FORMAQ,TOMATES,Mx,0.117933747,0.78,650,650,2,2,1626,0.513,65.8%
QUERKUS SMARTSELECT,FORMAQ,CUCURBITACEAS,Mx,0.040666174,0.3,250,250,2,2,,,0.0%
ROOTING ADSTRONG,FORMAQ,MELONES,Mx,0.884365938,1.8,6000,3000,1,2,2038,0.648,36.0%
ROOTING ADSTRONG,FORMAQ,CHILES PICOSOS,Mx,0.883644332,1.8,4900,2000,1.5,2,1749,0.704,39.1%
ROOTING ADSTRONG,FORMAQ,TOMATES,Mx,0.088364433,0.18,650,300,1,2,2062,0.512,284.4%
ROOTING SMARTSELECT,FORMAQ,NOGAL,Mx,5.206608643,12,34200,10000,2,2,,,0.0%
ROOTING SMARTSELECT,FORMAQ,CHILES PICOSOS,Mx,1.041321729,2.4,4900,2000,2,2,5410,1.678,69.9%
ROOTING SMARTSELECT,FORMAQ,MELONES,Mx,0.780991296,1.8,6000,3000,1,2,6612,2.036,113.1%
ROOTING SMARTSELECT,FORMAQ,TOMATES,Mx,0.136673477,0.315,650,350,1.5,2,2894,1.322,419.7%
ROOTING SMARTSELECT,FORMAQ,CUCURBITACEAS,Mx,0.130165216,0.3,250,250,2,2,,,0.0%
ACIGGIB ADSTRONG,FV,PIÑA,Mx,2.372699145,2.25,23000,15000,0.5,1,1248,,0.0%
ACIGGIB ADSTRONG,FV,CÍTRICOS,Mx,1.516611111,1.35,80000,30000,0.05,3,457,,0.0%
AGROMIL PLUS REACTMAXX,FV,PIÑA,Mx,22.50214848,24,23000,20000,2,2,20825,6.241,26.0%
AGROMIL PLUS REACTMAXX,FV,CÍTRICOS,Mx,16.42752185,18,60000,30000,1,2,9867,2.248,12.5%
AGROMIL PLUS REACTMAXX,FV,PAPA,Mx,1.368960154,1.5,3000,2500,1,2,4513,0.943,62.9%
AGROMIL V,FV,CÍTRICOS,Mx,8.855304554,36,80000,40000,1,3,14823,4.883,13.6%
AGROMIL V,FV,PIÑA,Mx,2.035920545,8.4,23000,7000,1,4,40492,8.071,96.1%
AGROMIL V,FV,PAPA,Mx,0.737942046,3,3000,2500,2,2,7730,1.749,58.3%
AV5G BIOACTIVE,FV,PIÑA,Mx,27.46706948,18,23000,15000,1,4,,,0.0%
AV5G BIOACTIVE,FV,CÍTRICOS,Mx,26.18893034,18,80000,20000,1,3,960,,0.0%
AV5G BIOACTIVE,FV,TOMATES,Mx,0.654723259,0.45,500,500,1,3,,,0.0%
BRX COLOR,FV,TOMATES,Mx,0.043636364,0.12,500,200,1,2,,,0.0%
JUNIPERUS STRESSOFF,FV,CÍTRICOS,Mx,12.86157,72,80000,40000,2,3,13667,3.669,5.1%
JUNIPERUS STRESSOFF,FV,PIÑA,Mx,4.823088751,27,23000,15000,3,2,29199,8.352,30.9%
JUNIPERUS STRESSOFF,FV,PAPA,Mx,0.74830522,4.5,3000,2500,3,2,8518,2.627,58.4%
QUERKUS SMARTSELECT,FV,PIÑA,Mx,1.746548001,18,23000,15000,2,2,15199,3.899,21.7%
QUERKUS SMARTSELECT,FV,PAPA,Mx,1.019754288,7.5,3000,2500,5,2,7743,2.135,28.5%
ROOTING ADSTRONG,FV,CÍTRICOS,Mx,9.638489071,27,80000,30000,3,1,4707,1.906,7.1%
ROOTING ADSTRONG,FV,PAPA,Mx,0.535471615,1.5,3000,2500,2,1,3259,0.3,20.0%
ROOTING SMARTSELECT,FV,PIÑA,Mx,7.031895557,21.6,23000,18000,2,2,33918,12.618,58.4%
ROOTING SMARTSELECT,FV,TOMATES,Mx,0.157010174,0.45,500,500,1.5,2,,,0.0%
ACIGGIB ADSTRONG,HORMONAS,FLORES DE CORTE,Mx,0.659133948,0.72,7000,6000,0.2,2,534,,0.0%
AGROMIL PLUS REACTMAXX,HORMONAS,FLORES DE CORTE,Mx,3.757104369,3.6,7000,6000,1,2,11210,3.714,103.2%
AGROMIL PLUS REACTMAXX,HORMONAS,PAPA,Mx,2.504736246,2.4,5852,4000,1,2,8075,3.972,165.5%
AGROMIL PLUS REACTMAXX,HORMONAS,CUCURBITACEAS,Mx,1.268022725,1.215,2700,2700,0.5,3,,,0.0%
AGROMIL PLUS REACTMAXX,HORMONAS,TOMATES,Mx,0.901705049,0.864,1400,1200,0.8,3,13320,2.99,346.1%
AGROMIL PLUS REACTMAXX,HORMONAS,HORTALIZAS,Mx,0.158642821,0.15,4000,2000,0.25,1,,,0.0%
AGROMIL V,HORMONAS,FLORES DE CORTE,Mx,1.061930455,3.6,7000,4000,1,3,4574,0.922,25.6%
AGROMIL V,HORMONAS,TOMATES,Mx,0.212386091,0.72,1400,1200,1,2,9185,2.702,375.3%
AGROMIL V,HORMONAS,HORTALIZAS,Mx,0.176988409,0.6,4000,2000,0.5,2,,,0.0%
AGROMIL V,HORMONAS,PAPA,Mx,0.176988409,0.6,5852,2000,0.5,2,3290,1.464,244.0%
AGROMIL V,HORMONAS,CUCURBITACEAS,Mx,0.106193046,0.36,2700,1200,0.5,2,,,0.0%
AV5G BIOACTIVE,HORMONAS,FLORES DE CORTE,Mx,3.928339552,2.7,7000,3000,1,3,,,0.0%
AV5G BIOACTIVE,HORMONAS,HORTALIZAS,Mx,1.74592869,1.2,4000,2000,1,2,,,0.0%
AV5G BIOACTIVE,HORMONAS,PAPA,Mx,1.74592869,1.2,5852,2000,1,2,,,0.0%
JUNIPERUS STRESSOFF,HORMONAS,FLORES DE CORTE,Mx,0.578670147,3,7000,5000,1,2,162,0.06,2.0%
JUNIPERUS STRESSOFF,HORMONAS,TOMATES,Mx,0.416642506,2.16,1400,1200,2,3,1769,0.804,37.2%
QUERKUS SMARTSELECT,HORMONAS,FLORES DE CORTE,Mx,0.319161744,3,7000,5000,2,1,648,0.28,9.3%
QUERKUS SMARTSELECT,HORMONAS,TOMATES,Mx,0.153197637,1.44,1400,1200,2,2,464,0.12,8.3%
QUERKUS SMARTSELECT,HORMONAS,HORTALIZAS,Mx,0.127664698,1.2,4000,2000,2,1,,,0.0%
ROOTING SMARTSELECT,HORMONAS,PAPA,Mx,2.872162787,7.2,5852,4000,3,2,6920,2.868,39.8%
ROOTING SMARTSELECT,HORMONAS,FLORES DE CORTE,Mx,2.393468989,6,7000,5000,2,2,8919,2.712,45.2%
ROOTING SMARTSELECT,HORMONAS,CUCURBITACEAS,Mx,0.718040697,1.8,2700,2000,1,3,,,0.0%
ROOTING SMARTSELECT,HORMONAS,TOMATES,Mx,0.430824418,1.08,1400,1200,1.5,2,13985,2.088,193.3%
ROOTING SMARTSELECT,HORMONAS,HORTALIZAS,Mx,0.239346899,0.6,4000,2000,1,1,,,0.0%
ACIGGIB ADSTRONG,JF,ZARZAMORAS,Mx,0.263653579,0.288,10000,1200,0.4,2,1663,,0.0%
AGROMIL PLUS REACTMAXX,JF,AGUACATES,Mx,18.78552185,18,200000,20000,1.5,2,10075,0.84,4.7%
AGROMIL PLUS REACTMAXX,JF,FRESAS,Mx,13.14986529,12.6,14000,7000,1.5,4,19031,5.64,44.8%
AGROMIL PLUS REACTMAXX,JF,ZARZAMORAS,Mx,5.635656554,5.4,10000,9000,1,2,54643,11.18,207.0%
AGROMIL PLUS REACTMAXX,JF,ARÁNDANOS,Mx,1.082046058,1.0368,2000,1152,1,3,4274,2.4,231.5%
AGROMIL PLUS REACTMAXX,JF,FRAMBUESAS,Mx,0.500947249,0.48,1861,1000,0.8,2,60,,0.0%
AGROMIL V,JF,AGUACATES,Mx,13.27413069,45,168000,50000,1,3,53191,9,20.0%
AGROMIL V,JF,ZARZAMORAS,Mx,2.123860911,7.2,10000,8000,1,3,22314,9.356,129.9%
AGROMIL V,JF,FRESAS,Mx,1.769884092,6,14000,10000,1,2,10358,3.16,52.7%
AGROMIL V,JF,ARÁNDANOS,Mx,0.477868705,1.62,2000,1800,1,3,,,0.0%
AGROMIL V,JF,FRAMBUESAS,Mx,0.082343857,0.27915,1861,1861,0.5,1,,,0.0%
BRX COLOR,JF,ZARZAMORAS,Mx,1.090909091,3,10000,5000,1,2,,,0.0%
BRX COLOR,JF,FRESAS,Mx,0.763636364,2.1,14000,3500,1,2,,,0.0%
BRX COLOR,JF,ARÁNDANOS,Mx,0.109090909,0.3,2000,500,1,2,,,0.0%
BRX COLOR,JF,FRAMBUESAS,Mx,0.109090909,0.3,1861,500,1,2,,,0.0%
CREZYMAX BIOACTIVE,JF,ZARZAMORAS,Mx,11.57625,13.125,10000,8750,1,5,4347,1.524,11.6%
CREZYMAX BIOACTIVE,JF,FRESAS,Mx,2.4972948,2.8314,14000,9438,0.2,5,,,0.0%
CREZYMAX BIOACTIVE,JF,ARÁNDANOS,Mx,1.975239,2.2395,1800,1493,1,5,1789,0.3,13.4%
JUNIPERUS STRESSOFF,JF,AGUACATES,Mx,27.77616705,144,200000,80000,3,2,29654,9.796,6.8%
JUNIPERUS STRESSOFF,JF,ZARZAMORAS,Mx,1.215207308,6.3,10000,7000,1,3,6904,,0.0%
JUNIPERUS STRESSOFF,JF,FRESAS,Mx,0.752271191,3.9,14000,6500,1,2,3768,,0.0%
QUERKUS SMARTSELECT,JF,FRESAS,Mx,0.255329395,2.4,14000,4000,1,2,,,0.0%
QUERKUS SMARTSELECT,JF,ARÁNDANOS,Mx,0.153197637,1.44,2000,1200,2,2,1060,,0.0%
QUERKUS SMARTSELECT,JF,FRAMBUESAS,Mx,0.01276647,0.12,1861,200,2,1,,,0.0%
ROOTING ADSTRONG,JF,AGUACATES,Mx,16.95249747,40.5,200000,45000,3,1,5918,0.24,0.6%
ROOTING ADSTRONG,JF,ZARZAMORAS,Mx,2.260332996,5.4,10000,9000,1,2,6051,2.8,51.9%
ROOTING ADSTRONG,JF,FRESAS,Mx,1.004592443,2.4,14000,4000,1,2,4703,1.468,61.2%
ROOTING ADSTRONG,JF,ARÁNDANOS,Mx,0.452066599,1.08,2000,1200,3,1,579,0.18,16.7%
ROOTING ADSTRONG,JF,FRAMBUESAS,Mx,0.062787028,0.15,1861,1000,0.5,1,,,0.0%
ROOTING SMARTSELECT,JF,AGUACATES,Mx,41.88570731,105,200000,50000,1,7,33043,8.36,8.0%
ROOTING SMARTSELECT,JF,FRESAS,Mx,4.786937978,12,14000,10000,2,2,40159,5.76,48.0%
ROOTING SMARTSELECT,JF,ARÁNDANOS,Mx,0.718040697,1.8,2000,1500,2,2,480,,0.0%
ROOTING SMARTSELECT,JF,ZARZAMORAS,Mx,0.718040697,1.8,10000,1000,1.5,4,57079,23.44,1302.2%
ROOTING SMARTSELECT,JF,FRAMBUESAS,Mx,0.287216279,0.72,1861,1200,2,1,,,0.0%
ACIGGIB ADSTRONG,MAXIAGRO GT,BANANO,Guate,4.41112792,4.5,80000,15000,1,1,6782,,0.0%
ACIGGIB ADSTRONG,MAXIAGRO GT,TOMATES,Guate,4.117052725,4.2,8000,7000,1,2,,,0.0%
ACIGGIB ADSTRONG,MAXIAGRO GT,PIÑA,Guate,1.029263181,1.05,11500,7000,0.5,1,,,0.0%
ACIGGIB ADSTRONG,MAXIAGRO GT,PIMIENTOS,Guate,0.21173414,0.216,2000,1800,0.2,2,,,0.0%
ACIGGIB ADSTRONG,MAXIAGRO GT,FLORES DE CORTE,Guate,0.117630078,0.12,1000,1000,0.2,2,,,0.0%
AGROMIL PLUS REACTMAXX,MAXIAGRO GT,AGUACATES,Guate,20.73919123,7.2,12000,8000,1.5,2,138,,0.0%
AGROMIL PLUS REACTMAXX,MAXIAGRO GT,CAFÉ,Guate,20.52233799,7.2,548000,16000,0.5,3,229,,0.0%
AGROMIL PLUS REACTMAXX,MAXIAGRO GT,PIÑA,Guate,20.30548475,7.2,11500,4000,3,2,44,,0.0%
AGROMIL PLUS REACTMAXX,MAXIAGRO GT,MELONES,Guate,12.96199452,4.5,26000,10000,0.5,3,1540,,0.0%
AGROMIL PLUS REACTMAXX,MAXIAGRO GT,TOMATES,Guate,6.221757369,2.16,8000,3000,0.8,3,,,0.0%
AGROMIL PLUS REACTMAXX,MAXIAGRO GT,PAPA,Guate,4.320664839,1.5,20000,2500,1,2,,,0.0%
AGROMIL PLUS REACTMAXX,MAXIAGRO GT,PLATANO,Guate,3.045822712,1.08,19000,3000,0.6,2,,,0.0%
AGROMIL PLUS REACTMAXX,MAXIAGRO GT,FRESAS,Guate,2.41957231,0.84,1000,700,1,4,,,0.0%
AGROMIL PLUS REACTMAXX,MAXIAGRO GT,PIMIENTOS,Guate,1.555439342,0.54,2000,1800,0.5,2,,,0.0%
AGROMIL PLUS REACTMAXX,MAXIAGRO GT,FLORES DE CORTE,Guate,0.864132968,0.3,1000,500,1,2,,,0.0%
AGROMIL PLUS REACTMAXX,MAXIAGRO GT,LEGUMINOSA,Guate,0.864132968,0.3,2000,1000,0.5,2,,,0.0%
AGROMIL PLUS REACTMAXX,MAXIAGRO GT,PAPAYA,Guate,0.507637119,0.18,3500,1500,0.2,2,,,0.0%
AGROMIL V,MAXIAGRO GT,CAFÉ,Guate,7.582710231,15,274000,25000,1,2,,,0.0%
AGROMIL V,MAXIAGRO GT,PIÑA,Guate,5.307897162,10.5,11500,7000,1,5,,,0.0%
AGROMIL V,MAXIAGRO GT,BANANO,Guate,5.133112782,11.25,80000,15000,0.5,5,1077,,0.0%
AGROMIL V,MAXIAGRO GT,CAÑA DE AZUCAR,Guate,4.549626139,9,279000,30000,0.5,2,5826,,0.0%
AGROMIL V,MAXIAGRO GT,MELONES,Guate,3.033084092,6,26000,10000,1,2,,,0.0%
AGROMIL V,MAXIAGRO GT,TOMATES,Guate,2.123158865,4.2,8000,7000,1,2,,,0.0%
AGROMIL V,MAXIAGRO GT,PAPA,Guate,0.758271023,1.5,20000,2500,1,2,,,0.0%
AGROMIL V,MAXIAGRO GT,PAPAYA,Guate,0.682443921,1.35,3500,1500,1,3,,,0.0%
AGROMIL V,MAXIAGRO GT,PIMIENTOS,Guate,0.545955137,1.08,2000,1800,1,2,,,0.0%
AGROMIL V,MAXIAGRO GT,FLORES DE CORTE,Guate,0.454962614,0.9,1000,1000,1,3,,,0.0%
AGROMIL V,MAXIAGRO GT,LEGUMINOSA,Guate,0.303308409,0.6,2000,1000,1,2,,,0.0%
AV5G BIOACTIVE,MAXIAGRO GT,MELONES,Guate,13.09446517,9,26000,10000,1,3,,,0.0%
AV5G BIOACTIVE,MAXIAGRO GT,FRESAS,Guate,1.309446517,0.9,1000,1000,1,3,,,0.0%
BRX COLOR,MAXIAGRO GT,CAÑA DE AZUCAR,Guate,9.818181818,27,278000,30000,1,3,,,0.0%
BRX COLOR,MAXIAGRO GT,MELONES,Guate,4.363636364,12,26000,20000,1,2,,,0.0%
BRX COLOR,MAXIAGRO GT,PAPAYA,Guate,0.327272727,0.9,3500,1500,1,2,,,0.0%
BRX COLOR,MAXIAGRO GT,PIMIENTOS,Guate,0.327272727,0.9,2000,1500,1,2,,,0.0%
BRX COLOR,MAXIAGRO GT,TOMATES,Guate,0.043636364,0.12,8000,200,1,2,,,0.0%
CREZYMAX BIOACTIVE,MAXIAGRO GT,FRESAS,Guate,0.21168,0.24,1000,800,0.2,5,,,0.0%
DCS3+,MAXIAGRO GT,MAIZ,Guate,5.393228948,30,882876,100000,1,1,,,0.0%
DCS3+,MAXIAGRO GT,BANANO,Guate,1.798705824,9,80000,15000,0.5,4,,,0.0%
DCS3+,MAXIAGRO GT,PLATANO,Guate,0.179870582,0.9,19000,3000,0.5,2,,,0.0%
LPG 456 REACTMAXX,MAXIAGRO GT,MAIZ,Guate,50.31369111,90,882876,100000,1,3,,,0.0%
LPG 456 REACTMAXX,MAXIAGRO GT,PIÑA,Guate,14.08783351,25.2,11500,7000,6,2,,,0.0%
LPG 456 REACTMAXX,MAXIAGRO GT,CAÑA DE AZUCAR,Guate,10.10614707,18,279000,30000,1,2,3765,,0.0%
LPG 456 REACTMAXX,MAXIAGRO GT,AGUACATES,Guate,8.050190578,14.4,12000,8000,3,2,,,0.0%
LPG 456 REACTMAXX,MAXIAGRO GT,BANANO,Guate,5.031369111,9,80000,15000,1,2,,,0.0%
LPG 456 REACTMAXX,MAXIAGRO GT,MELONES,Guate,3.354246074,6,26000,10000,1,2,,,0.0%
LPG 456 REACTMAXX,MAXIAGRO GT,TOMATES,Guate,3.354246074,6,8000,5000,2,2,,,0.0%
LPG 456 REACTMAXX,MAXIAGRO GT,CÍTRICOS,Guate,3.018821467,5.4,6000,3000,3,2,,,0.0%
LPG 456 REACTMAXX,MAXIAGRO GT,CAFÉ,Guate,2.683396859,4.8,274000,8000,1,2,,,0.0%
LPG 456 REACTMAXX,MAXIAGRO GT,PLATANO,Guate,2.012547645,3.6,19000,3000,2,2,,,0.0%
LPG 456 REACTMAXX,MAXIAGRO GT,PAPA,Guate,0.838561519,1.5,20000,2500,1,2,,,0.0%
LPG 456 REACTMAXX,MAXIAGRO GT,FLORES DE CORTE,Guate,0.670849215,1.2,1000,1000,2,2,,,0.0%
LPG 456 REACTMAXX,MAXIAGRO GT,PAPAYA,Guate,0.503136911,0.9,3500,1500,1,2,,,0.0%
LPG 456 REACTMAXX,MAXIAGRO GT,LEGUMINOSA,Guate,0.335424607,0.6,2000,1000,1,2,,,0.0%
QUERKUS SMARTSELECT,MAXIAGRO GT,BANANO,Guate,20.67992616,45,80000,15000,5,2,,,0.0%
QUERKUS SMARTSELECT,MAXIAGRO GT,MELONES,Guate,5.514646977,12,26000,10000,2,2,,,0.0%
QUERKUS SMARTSELECT,MAXIAGRO GT,CAFÉ,Guate,4.411717582,9.6,274000,8000,2,2,,,0.0%
QUERKUS SMARTSELECT,MAXIAGRO GT,PIÑA,Guate,3.860252884,8.4,11500,7000,2,2,,,0.0%
QUERKUS SMARTSELECT,MAXIAGRO GT,TOMATES,Guate,3.860252884,8.4,8000,7000,2,2,,,0.0%
QUERKUS SMARTSELECT,MAXIAGRO GT,PAPAYA,Guate,0.827197047,1.8,3500,1500,2,2,,,0.0%
QUERKUS SMARTSELECT,MAXIAGRO GT,PAPA,Guate,0.689330872,1.5,20000,2500,1,2,,,0.0%
QUERKUS SMARTSELECT,MAXIAGRO GT,LEGUMINOSA,Guate,0.551464698,1.2,2000,1000,2,2,,,0.0%
QUERKUS SMARTSELECT,MAXIAGRO GT,PIMIENTOS,Guate,0.496318228,1.08,2000,1800,2,1,,,0.0%
QUERKUS SMARTSELECT,MAXIAGRO GT,FRESAS,Guate,0.193012644,0.42,1000,700,1,2,,,0.0%
ROOTING SMARTSELECT,MAXIAGRO GT,CAÑA DE AZUCAR,Guate,9.658042682,18,278000,30000,2,1,3287,,0.0%
ROOTING SMARTSELECT,MAXIAGRO GT,BANANO,Guate,8.147661509,13.5,80000,10000,1.5,3,2022,,0.0%
ROOTING SMARTSELECT,MAXIAGRO GT,CAFÉ,Guate,5.793892629,9.6,274000,8000,2,2,621,,0.0%
ROOTING SMARTSELECT,MAXIAGRO GT,PIÑA,Guate,5.06965605,8.4,11500,7000,2,2,,,0.0%
ROOTING SMARTSELECT,MAXIAGRO GT,TOMATES,Guate,3.380314939,6.3,8000,7000,1.5,2,,,0.0%
ROOTING SMARTSELECT,MAXIAGRO GT,PAPAYA,Guate,1.629532302,2.7,3500,1500,2,3,,,0.0%
ROOTING SMARTSELECT,MAXIAGRO GT,PAPA,Guate,0.80483689,1.5,20000,2500,1,2,,,0.0%
ROOTING SMARTSELECT,MAXIAGRO GT,FLORES DE CORTE,Guate,0.643869512,1.2,1000,1000,2,2,,,0.0%
ROOTING SMARTSELECT,MAXIAGRO GT,PIMIENTOS,Guate,0.579482561,1.08,2000,1800,1,2,,,0.0%
ROOTING SMARTSELECT,MAXIAGRO GT,AGUACATES,Guate,0.362118289,0.6,12000,1000,1,2,233,,0.0%
ROOTING SMARTSELECT,MAXIAGRO GT,LEGUMINOSA,Guate,0.321934756,0.6,2000,1000,1,2,,,0.0%
ACIGGIB ADSTRONG,MAXIAGRO HN,BANANO,Hdrs,2.940751947,3,25481,10000,1,1,5412,1.488,49.6%
AGROMIL PLUS REACTMAXX,MAXIAGRO HN,MELONES,Hdrs,6.480997259,2.25,10601,5000,0.5,3,1784,1.784,79.3%
AGROMIL PLUS REACTMAXX,MAXIAGRO HN,TOMATES,Hdrs,6.221757369,2.16,4972,3000,0.8,3,,,0.0%
AGROMIL V,MAXIAGRO HN,CAFÉ,Hdrs,12.13233637,24,505115,40000,1,2,600,0.6,2.5%
AGROMIL V,MAXIAGRO HN,MAIZ,Hdrs,4.549626139,9,393963,30000,1,1,,,0.0%
AGROMIL V,MAXIAGRO HN,BANANO,Hdrs,3.033084092,6,25481,8000,0.5,5,1920,1.92,32.0%
AGROMIL V,MAXIAGRO HN,MELONES,Hdrs,1.516542046,3,10601,5000,1,2,,,0.0%
AGROMIL V,MAXIAGRO HN,TOMATES,Hdrs,0.909925228,1.8,4972,3000,1,2,1536,1.536,85.3%
BRX COLOR,MAXIAGRO HN,TOMATES,Hdrs,0.654545455,1.8,4972,3000,1,2,,,0.0%
LPG 456 REACTMAXX,MAXIAGRO HN,CAFÉ,Hdrs,13.4169843,24,505115,40000,1,2,600,0.6,2.5%
LPG 456 REACTMAXX,MAXIAGRO HN,MAIZ,Hdrs,5.031369111,9,393963,30000,1,1,1600,1.6,17.8%
LPG 456 REACTMAXX,MAXIAGRO HN,BANANO,Hdrs,2.683396859,4.8,25481,8000,1,2,,,0.0%
LPG 456 REACTMAXX,MAXIAGRO HN,TOMATES,Hdrs,2.012547645,3.6,4972,3000,2,2,,,0.0%
LPG 456 REACTMAXX,MAXIAGRO HN,MELONES,Hdrs,1.677123037,3,10601,5000,1,2,600,0.6,20.0%
QUERKUS SMARTSELECT,MAXIAGRO HN,CAFÉ,Hdrs,22.05858791,48,505115,40000,2,2,,,0.0%
QUERKUS SMARTSELECT,MAXIAGRO HN,BANANO,Hdrs,11.02929395,24,25481,8000,5,2,,,0.0%
QUERKUS SMARTSELECT,MAXIAGRO HN,MAIZ,Hdrs,4.135985233,9,393963,30000,1,1,,,0.0%
QUERKUS SMARTSELECT,MAXIAGRO HN,MELONES,Hdrs,2.757323488,6,10601,5000,2,2,,,0.0%
QUERKUS SMARTSELECT,MAXIAGRO HN,TOMATES,Hdrs,1.654394093,3.6,4972,3000,2,2,,,0.0%
ROOTING SMARTSELECT,MAXIAGRO HN,CAFÉ,Hdrs,40.19415191,48,505115,40000,2,2,,,0.0%
ROOTING SMARTSELECT,MAXIAGRO HN,BANANO,Hdrs,9.043684181,10.8,25481,8000,1.5,3,2300,2.3,21.3%
ROOTING SMARTSELECT,MAXIAGRO HN,MELONES,Hdrs,2.512134495,3,10601,5000,1,2,,,0.0%
ROOTING SMARTSELECT,MAXIAGRO HN,TOMATES,Hdrs,2.260921045,2.7,4972,3000,1.5,2,1212,1.212,44.9%
AGROMIL PLUS REACTMAXX,PRIVIET,MANGO,Mx,32.30478277,27,20000,15000,3,2,630,0.249,0.9%
AGROMIL PLUS REACTMAXX,PRIVIET,CÍTRICOS,Mx,0.733605466,0.6,1000,500,2,2,36,,0.0%
AGROMIL PLUS REACTMAXX,PRIVIET,BANANO,Mx,0.358942031,0.3,10000,1000,0.5,2,1263,0.177,59.0%
AGROMIL PLUS REACTMAXX,PRIVIET,TOMATES,Mx,0.34458435,0.288,500,400,0.8,3,1216,0.558,193.8%
AGROMIL PLUS REACTMAXX,PRIVIET,SANDIAS,Mx,0.101874383,0.084,200,200,0.7,2,297,0.18,214.3%
AGROMIL V,PRIVIET,MANGO,Mx,0.633865228,1.8,20000,2000,1,3,12527,6.108,339.3%
AGROMIL V,PRIVIET,BANANO,Mx,0.528221023,1.5,10000,4000,0.25,5,1296,,0.0%
AGROMIL V,PRIVIET,TOMATES,Mx,0.084515364,0.24,500,400,1,2,303,,0.0%
AGROMIL V,PRIVIET,SANDIAS,Mx,0.042257682,0.12,200,200,1,2,106,,0.0%
JUNIPERUS STRESSOFF,PRIVIET,TOMATES,Mx,0.161224835,0.72,500,400,2,3,3023,1.416,196.7%
JUNIPERUS STRESSOFF,PRIVIET,PAPAYA,Mx,0.067177015,0.3,1000,500,2,1,120,,0.0%
JUNIPERUS STRESSOFF,PRIVIET,SANDIAS,Mx,0.053741612,0.24,200,200,2,2,528,0.024,10.0%
QUERKUS SMARTSELECT,PRIVIET,TOMATES,Mx,0.065065879,0.48,500,400,2,2,395,,0.0%
QUERKUS SMARTSELECT,PRIVIET,SANDIAS,Mx,0.01626647,0.12,200,200,2,1,68,,0.0%
ROOTING ADSTRONG,PRIVIET,BANANO,Mx,1.767288664,3.6,10000,4000,3,1,1967,0.06,1.7%
ROOTING ADSTRONG,PRIVIET,TOMATES,Mx,0.117819244,0.24,500,400,1,2,950,,0.0%
ROOTING ADSTRONG,PRIVIET,SANDIAS,Mx,0.058909622,0.12,200,200,1,2,300,,0.0%
ROOTING SMARTSELECT,PRIVIET,TOMATES,Mx,0.164608139,0.36,500,400,1.5,2,1795,0.721,200.3%
ACIGGIB ADSTRONG,PROMAGRIC,CHILES PICOSOS,Mx,0.528266626,0.624,6650,5200,0.1,4,60,,0.0%
AGROMIL PLUS REACTMAXX,PROMAGRIC,AGAVE,Mx,7.514208738,7.2,34000,15000,0.8,2,758,,0.0%
AGROMIL PLUS REACTMAXX,PROMAGRIC,FRESAS,Mx,7.514208738,7.2,8000,4000,1.5,4,3093,0.792,11.0%
AGROMIL PLUS REACTMAXX,PROMAGRIC,TOMATES,Mx,3.757104369,3.6,6000,5000,0.8,3,9229,3.584,99.6%
AGROMIL PLUS REACTMAXX,PROMAGRIC,CHILES PICOSOS,Mx,2.479335477,2.34,6650,5200,0.5,3,8351,2.232,95.4%
AGROMIL PLUS REACTMAXX,PROMAGRIC,NOGAL,Mx,0.234819023,0.225,1328,500,0.5,3,,,0.0%
AGROMIL V,PROMAGRIC,AGAVE,Mx,1.991119604,6.75,34000,15000,0.5,3,1712,0.864,12.8%
AGROMIL V,PROMAGRIC,CHILES PICOSOS,Mx,1.097328137,3.72,6650,6200,1,2,3708,2.022,54.4%
AGROMIL V,PROMAGRIC,FRESAS,Mx,0.707953637,2.4,8000,4000,1,2,1690,0.888,37.0%
AV5G BIOACTIVE,PROMAGRIC,FRESAS,Mx,4.364821724,3,8000,5000,1,2,,,0.0%
AV5G BIOACTIVE,PROMAGRIC,TOMATES,Mx,4.364821724,3,6000,5000,1,2,276,,0.0%
BRX COLOR,PROMAGRIC,CHILES PICOSOS,Mx,1.025454545,2.82,6650,4700,1,2,,,0.0%
BRX COLOR,PROMAGRIC,TOMATES,Mx,0.654545455,1.8,6000,3000,1,2,216,,0.0%
BRX COLOR,PROMAGRIC,FRESAS,Mx,0.218181818,0.6,8000,1000,1,2,,,0.0%
CREZYMAX BIOACTIVE,PROMAGRIC,FRESAS,Mx,1.752975,1.9875,8000,6625,0.2,5,1300,0.24,12.1%
JUNIPERUS STRESSOFF,PROMAGRIC,AGAVE,Mx,4.340026101,22.5,34000,15000,1,5,4376,1.272,5.7%
JUNIPERUS STRESSOFF,PROMAGRIC,HORTALIZAS,Mx,3.680092501,18,40000,30000,1,2,,,0.0%
JUNIPERUS STRESSOFF,PROMAGRIC,CHILES PICOSOS,Mx,0.902725429,4.68,6650,5200,1,3,3098,1.58,33.8%
JUNIPERUS STRESSOFF,PROMAGRIC,FRESAS,Mx,0.462936117,2.4,8000,4000,1,2,3193,1.22,50.8%
JUNIPERUS STRESSOFF,PROMAGRIC,NOGAL,Mx,0.115734029,0.6,1328,500,2,2,,,0.0%
QUERKUS SMARTSELECT,PROMAGRIC,AGAVE,Mx,1.276646977,12,34000,10000,2,2,679,0.26,2.2%
QUERKUS SMARTSELECT,PROMAGRIC,CHILES PICOSOS,Mx,0.510658791,4.8,5150,4000,2,2,1420,0.62,12.9%
QUERKUS SMARTSELECT,PROMAGRIC,FRESAS,Mx,0.255329395,2.4,8000,4000,1,2,2254,0.6,25.0%
ROOTING ADSTRONG,PROMAGRIC,AGAVE,Mx,11.30166498,27,34000,15000,2,3,2377,0.456,1.7%
ROOTING ADSTRONG,PROMAGRIC,CHILES PICOSOS,Mx,1.356199798,3.24,6650,3600,1.5,2,2662,1.22,37.7%
ROOTING ADSTRONG,PROMAGRIC,FRESAS,Mx,1.004592443,2.4,8000,4000,1,2,5177,0.956,39.8%
ROOTING ADSTRONG,PROMAGRIC,TOMATES,Mx,0.627870277,1.5,6000,2500,1,2,3891,1.184,78.9%
ROOTING SMARTSELECT,PROMAGRIC,HORTALIZAS,Mx,2.253304322,6,40000,20000,1,1,,,0.0%
ROOTING SMARTSELECT,PROMAGRIC,FRESAS,Mx,1.351982593,3.6,8000,3000,2,2,9149,3.812,105.9%
ROOTING SMARTSELECT,PROMAGRIC,CHILES PICOSOS,Mx,1.244603874,3.12,6650,2600,2,2,18154,5.692,182.4%
ROOTING SMARTSELECT,PROMAGRIC,TOMATES,Mx,0.897550871,2.25,6000,2500,1.5,2,10618,2.67,118.7%
AV5G BIOACTIVE,PROMOTORES,ALGODÓN,Texas,388.1224472,330,2200000,550000,1,2,,,0.0%
AV5G BIOACTIVE,PROMOTORES,ALMENDROS,California,141.1354354,120,512000,200000,1,2,,,0.0%
AV5G BIOACTIVE,PROMOTORES,PAPA,Iowa,106.98066,90.96,303200,303200,0.5,2,,,0.0%
AV5G BIOACTIVE,PROMOTORES,TOMATES,California,84.68126122,72,80000,80000,1,3,,,0.0%
AV5G BIOACTIVE,PROMOTORES,VIDES DE MESA,California,42.34063061,36,81200,60000,1,2,,,0.0%
AV5G BIOACTIVE,PROMOTORES,FRESAS,California,28.22708707,24,20000,20000,2,2,,,0.0%
AV5G BIOACTIVE,PROMOTORES,CHILES PICOSOS,California,10.58515765,9,12000,10000,1,3,,,0.0%
BRX COLOR,PROMOTORES,TOMATES,California,17.45454545,48,80000,80000,1,2,,,0.0%
BRX COLOR,PROMOTORES,VIDES DE MESA,California,13.09090909,36,81200,60000,1,2,,,0.0%
BRX COLOR,PROMOTORES,FRESAS,California,4.363636364,12,20000,20000,1,2,,,0.0%
JUNIPERUS STRESSOFF,PROMOTORES,SOYAS,Argentina,125.4580269,300.9,20060000,1003000,1,1,,,0.0%
JUNIPERUS STRESSOFF,PROMOTORES,SOYAS,Paraguay,21.0764482,50.55,3370000,168500,1,1,,,0.0%
JUNIPERUS STRESSOFF,PROMOTORES,SOYAS,Bolivia,18.76241679,45,1300000,150000,1,1,,,0.0%
JUNIPERUS STRESSOFF,PROMOTORES,SOYAS,Uruguay,18.76241679,45,1100000,150000,1,1,,,0.0%
JUNIPERUS STRESSOFF,PROMOTORES,BANANO,Bolivia,0.758001638,1.818,20200,3030,1,2,,,0.0%
JUNIPERUS STRESSOFF,PROMOTORES,BANANO,Paraguay,0.500331114,1.2,7812,2000,1,2,,,0.0%
JUNIPERUS STRESSOFF,PROMOTORES,TOMATES,Uruguay,0.180119201,0.432,2400,720,1,2,,,0.0%
LPG 456 REACTMAXX,PROMOTORES,ALGODÓN,Texas,234.1173868,495,2200000,550000,1.5,2,,,0.0%
LPG 456 REACTMAXX,PROMOTORES,SOYAS,Texas,99.32252772,210,26000000,350000,1,2,,,0.0%
LPG 456 REACTMAXX,PROMOTORES,SOYAS,Argentina,98.19768704,300.9,20060000,1003000,1,1,,,0.0%
LPG 456 REACTMAXX,PROMOTORES,MAIZ,Iowa,70.94466265,150,31000000,250000,1,2,,,0.0%
LPG 456 REACTMAXX,PROMOTORES,TRIGO,Iowa,70.94466265,150,14000000,250000,1,2,,,0.0%
LPG 456 REACTMAXX,PROMOTORES,SORGOS,Texas,28.37786506,60,4380000,100000,1,2,,,0.0%
LPG 456 REACTMAXX,PROMOTORES,MAIZ,Argentina,23.9864739,73.5,4900000,245000,1,1,,,0.0%
LPG 456 REACTMAXX,PROMOTORES,TRIGO,Argentina,22.51791428,69,4600000,230000,1,1,,,0.0%
LPG 456 REACTMAXX,PROMOTORES,SOYAS,Paraguay,16.49681981,50.55,3370000,168500,1,1,,,0.0%
LPG 456 REACTMAXX,PROMOTORES,SOYAS,Bolivia,14.68559627,45,1300000,150000,1,1,,,0.0%
LPG 456 REACTMAXX,PROMOTORES,SOYAS,Uruguay,14.68559627,45,1100000,150000,1,1,,,0.0%
LPG 456 REACTMAXX,PROMOTORES,PAPA,Bolivia,11.17338906,34.2378,190209,57063,2,1,,,0.0%
LPG 456 REACTMAXX,PROMOTORES,MAIZ,Paraguay,4.699390805,14.4,960000,48000,1,1,,,0.0%
LPG 456 REACTMAXX,PROMOTORES,CAÑA DE AZUCAR,Argentina,3.426639129,10.5,365000,35000,1,1,,,0.0%
LPG 456 REACTMAXX,PROMOTORES,MAIZ,Bolivia,2.937119253,9,398000,30000,1,1,,,0.0%
LPG 456 REACTMAXX,PROMOTORES,TRIGO,Bolivia,2.937119253,9,396000,30000,1,1,,,0.0%
LPG 456 REACTMAXX,PROMOTORES,SORGOS,Bolivia,2.055983477,6.3,420000,21000,1,1,,,0.0%
LPG 456 REACTMAXX,PROMOTORES,ARROZ,Paraguay,1.958079502,6,130000,20000,1,1,,,0.0%
LPG 456 REACTMAXX,PROMOTORES,ARROZ,Uruguay,1.958079502,6,151000,20000,1,1,,,0.0%
LPG 456 REACTMAXX,PROMOTORES,TOMATES,Argentina,1.879756322,5.76,16000,4800,2,2,,,0.0%
LPG 456 REACTMAXX,PROMOTORES,ARROZ,Bolivia,1.468559627,4.5,136000,15000,1,1,,,0.0%
LPG 456 REACTMAXX,PROMOTORES,CAÑA DE AZUCAR,Bolivia,1.468559627,4.5,156065,15000,1,1,,,0.0%
LPG 456 REACTMAXX,PROMOTORES,CAÑA DE AZUCAR,Paraguay,1.468559627,4.5,120000,15000,1,1,,,0.0%
LPG 456 REACTMAXX,PROMOTORES,VIDES DE MESA,Argentina,1.409817242,4.32,12000,3600,2,2,,,0.0%
LPG 456 REACTMAXX,PROMOTORES,ALGODÓN,Paraguay,1.174847701,3.6,12000,3000,2,2,,,0.0%
LPG 456 REACTMAXX,PROMOTORES,TRIGO,Uruguay,1.174847701,3.6,215000,12000,1,1,,,0.0%
LPG 456 REACTMAXX,PROMOTORES,ARROZ,Argentina,1.138623231,3.489,232590,11630,1,1,,,0.0%
LPG 456 REACTMAXX,PROMOTORES,PIÑA,Bolivia,1.057362931,3.24,4500,1350,8,1,,,0.0%
LPG 456 REACTMAXX,PROMOTORES,MAIZ,Uruguay,0.979039751,3,79000,10000,1,1,,,0.0%
LPG 456 REACTMAXX,PROMOTORES,PIÑA,Paraguay,0.617969891,1.8936,5260,789,8,1,,,0.0%
LPG 456 REACTMAXX,PROMOTORES,VIDES DE MESA,Bolivia,0.411196695,1.26,3500,1050,2,2,,,0.0%
LPG 456 REACTMAXX,PROMOTORES,FLORES DE CORTE,Argentina,0.293711925,0.9,2500,750,2,2,,,0.0%
LPG 456 REACTMAXX,PROMOTORES,TOMATES,Uruguay,0.281963448,0.864,2400,720,2,2,,,0.0%
LPG 456 REACTMAXX,PROMOTORES,TOMATES,Paraguay,0.16330383,0.5004,1390,417,2,2,,,0.0%
LPG 456 REACTMAXX,PROMOTORES,BANANO,Argentina,0.15860444,0.486,5400,810,1,2,,,0.0%
LPG 456 REACTMAXX,PROMOTORES,VIDES DE MESA,Uruguay,0.151163738,0.4632,1288,386,2,2,,,0.0%
LPG 456 REACTMAXX,PROMOTORES,FRESAS,Paraguay,0.04111967,0.126,350,105,2,2,,,0.0%
LPG 456 REACTMAXX,PROMOTORES,VIDES DE MESA,Paraguay,0.040728054,0.1248,346,104,2,2,,,0.0%
QUERKUS SMARTSELECT,PROMOTORES,PAPA,Iowa,22.30317219,272.88,303200,303200,3,1,,,0.0%
QUERKUS SMARTSELECT,PROMOTORES,ALMENDROS,California,14.71185501,180,512000,200000,3,1,,,0.0%
QUERKUS SMARTSELECT,PROMOTORES,VIDES DE MESA,California,4.413556502,54,81200,60000,3,1,,,0.0%
QUERKUS SMARTSELECT,PROMOTORES,TOMATES,California,3.923161335,48,80000,80000,1,2,,,0.0%
QUERKUS SMARTSELECT,PROMOTORES,ALGODÓN,Texas,3.677963752,45,2200000,75000,2,1,,,0.0%
QUERKUS SMARTSELECT,PROMOTORES,FRESAS,California,0.980790334,12,20000,20000,2,1,,,0.0%
QUERKUS SMARTSELECT,PROMOTORES,CHILES PICOSOS,California,0.490395167,6,12000,10000,2,1,,,0.0%
EKBER,PROPIOS,PAPA,Mx,13.82847928,51.237,28929,28465,3,2,,,0.0%
EKBER,PROPIOS,PAPA,Mx,6.436934848,23.85,15105,13250,3,2,,,0.0%
EKBER,PROPIOS,AJO Y CEBOLLA,Mx,3.400644826,12.6,23000,21000,1,2,,,0.0%
EKBER,PROPIOS,AJO Y CEBOLLA,Mx,1.619354679,6,10000,10000,1,2,,,0.0%
IQ KIT CALIDAD,PROPIOS,MAIZ,Mx,140.5949539,90,1492472,300000,1,1,6447,1.275,1.4%
IQ KIT CALIDAD,PROPIOS,MAIZ,Mx,117.1624615,75,855591,250000,1,1,6447,1.275,1.7%
IQ KIT CALIDAD,PROPIOS,MAIZ,Mx,87.31649609,55.8945,286849,186315,1,1,6447,1.275,2.3%
IQ KIT CALIDAD,PROPIOS,MAIZ,Mx,70.29747693,45,594480,150000,1,1,6447,1.275,2.8%
IQ KIT CALIDAD,PROPIOS,SORGOS,Mx,64.19378133,41.0928,338997,136976,1,1,310,0.059,0.1%
IQ KIT CALIDAD,PROPIOS,TRIGO,Mx,56.23798154,36,283876,120000,1,1,,,0.0%
IQ KIT CALIDAD,PROPIOS,TRIGO,Mx,46.86498462,30,285876,100000,1,1,,,0.0%
IQ KIT CALIDAD,PROPIOS,TRIGO,Mx,42.17848616,27,141069,90000,1,1,,,0.0%
IQ KIT CALIDAD,PROPIOS,LEGUMINOSA,Mx,36.554688,23.4,198842,78000,1,1,,,0.0%
IQ KIT CALIDAD,PROPIOS,CAÑA DE AZUCAR,Mx,32.80548923,21,141934,70000,1,1,505,0.147,0.7%
IQ KIT CALIDAD,PROPIOS,PAPA,Mx,26.68023574,17.079,28929,28465,1,2,,,0.0%
IQ KIT CALIDAD,PROPIOS,ALGODÓN,Mx,23.43249231,15,105000,25000,1,2,757,0.192,1.3%
IQ KIT CALIDAD,PROPIOS,GARBANZO,Mx,7.029747693,4.5,45204,15000,1,1,140,,0.0%
IQ KIT ESTRUCTURAL,PROPIOS,MAIZ,Mx,32.41395164,108,855591,360000,1,1,10365,5.321,4.9%
IQ KIT ESTRUCTURAL,PROPIOS,MAIZ,Mx,27.01162637,90,1492472,300000,1,1,10365,5.321,5.9%
IQ KIT ESTRUCTURAL,PROPIOS,MAIZ,Mx,16.77557056,55.8945,286849,186315,1,1,10365,5.321,9.5%
IQ KIT ESTRUCTURAL,PROPIOS,ALFALFA,Mx,13.50581318,45,150000,150000,1,1,1176,0.747,1.7%
IQ KIT ESTRUCTURAL,PROPIOS,MAIZ,Mx,13.50581318,45,594480,150000,1,1,10365,5.321,11.8%
IQ KIT ESTRUCTURAL,PROPIOS,SORGOS,Mx,12.33314844,41.0928,338997,136976,1,1,433,0.276,0.7%
IQ KIT ESTRUCTURAL,PROPIOS,TRIGO,Mx,9.003875456,30,285876,100000,1,1,,,0.0%
IQ KIT ESTRUCTURAL,PROPIOS,TRIGO,Mx,9.003875456,30,283876,100000,1,1,,,0.0%
IQ KIT ESTRUCTURAL,PROPIOS,TRIGO,Mx,8.103487911,27,141069,90000,1,1,,,0.0%
IQ KIT ESTRUCTURAL,PROPIOS,LEGUMINOSA,Mx,7.023022856,23.4,198842,78000,1,1,476,0.135,0.6%
IQ KIT ESTRUCTURAL,PROPIOS,CAÑA DE AZUCAR,Mx,6.302712819,21,141934,70000,1,1,3399,1.029,4.9%
IQ KIT ESTRUCTURAL,PROPIOS,GARBANZO,Mx,3.116421373,10.3836,45204,34612,1,1,,,0.0%
IQ KIT ESTRUCTURAL,PROPIOS,PAPA,Mx,2.562953149,8.5395,28929,28465,1,1,,,0.0%
IQ KIT ESTRUCTURAL,PROPIOS,ALGODÓN,Mx,2.250968864,7.5,105000,25000,1,1,1046,0.648,8.6%
LPG 456 REACTMAXX,PROPIOS,LEGUMINOSA,Mx,7.939016098,42,198842,70000,1,2,,,0.0%
LPG 456 REACTMAXX,PROPIOS,SORGOS,Mx,7.269133261,38.4561,351089,128187,1,1,,,0.0%
LPG 456 REACTMAXX,PROPIOS,CAÑA DE AZUCAR,Mx,5.670725784,30,141933,50000,1,2,,,0.0%
LPG 456 REACTMAXX,PROPIOS,TRIGO,Mx,5.670725784,30,283876,100000,1,1,,,0.0%
LPG 456 REACTMAXX,PROPIOS,SORGOS,Mx,3.606865135,19.0815,203584,63605,1,1,,,0.0%
LPG 456 REACTMAXX,PROPIOS,PAPA,Mx,3.228344189,17.079,28929,28465,1,2,,,0.0%
LPG 456 REACTMAXX,PROPIOS,ALGODÓN,Mx,1.701217735,9,105000,15000,1,2,,,0.0%
LPG 456 REACTMAXX,PROPIOS,AJO Y CEBOLLA,Mx,1.190852415,6.3,23000,21000,1,1,,,0.0%
SPARCE XPLOID BIOACTIVE,PROPIOS,MAIZ,Mx,35.69316628,16.2,855591,360000,0.05,3,218,0.088,0.5%
SPARCE XPLOID BIOACTIVE,PROPIOS,MAIZ,Mx,19.82953682,9,1492472,200000,0.05,3,218,0.088,1.0%
SPARCE XPLOID BIOACTIVE,PROPIOS,SORGOS,Mx,6.609845608,3,338997,100000,0.05,2,1,,0.0%
SPARCE XPLOID BIOACTIVE,PROPIOS,TRIGO,Mx,6.609845608,3,283876,100000,0.05,2,367,,0.0%
SPARCE XPLOID BIOACTIVE,PROPIOS,TRIGO,Mx,5.948861047,2.7,141069,90000,0.05,2,367,,0.0%
SPARCE XPLOID BIOACTIVE,PROPIOS,LEGUMINOSA,Mx,4.626891925,2.1,198842,70000,0.05,2,,,0.0%
SPARCE XPLOID BIOACTIVE,PROPIOS,MAIZ,Mx,4.399083597,1.996605,594480,44369,0.05,3,218,0.088,4.4%
SPARCE XPLOID BIOACTIVE,PROPIOS,CAÑA DE AZUCAR,Mx,3.304922804,1.5,141934,50000,0.05,2,39,0.02,1.3%
SPARCE XPLOID BIOACTIVE,PROPIOS,CEBADA,Mx,2.643938243,1.2,63713,40000,0.05,2,,,0.0%
SPARCE XPLOID BIOACTIVE,PROPIOS,GARBANZO,Mx,2.287799762,1.03836,45204,34612,0.05,2,10,,0.0%
SPARCE XPLOID BIOACTIVE,PROPIOS,PAPA,Mx,1.881492552,0.85395,28929,28465,0.05,2,,,0.0%
SPARCE XPLOID BIOACTIVE,PROPIOS,AJO Y CEBOLLA,Mx,1.388067578,0.63,23000,21000,0.05,2,33,0.012,1.9%
SPARCE XPLOID BIOACTIVE,PROPIOS,ALGODÓN,Mx,0.991476841,0.45,105000,15000,0.05,2,55,,0.0%
ACIGGIB ADSTRONG,QUINVAL,CHILES PICOSOS,Mx,0.569528794,1.56,14440,13000,0.1,4,22,,0.0%
ACIGGIB ADSTRONG,QUINVAL,CUCURBITACEAS,Mx,0.124697282,0.108,3400,3000,0.06,2,,,0.0%
ACIGGIB ADSTRONG,QUINVAL,TOMATES,Mx,0.090059148,0.078,14000,13000,0.01,2,170,,0.0%
AGROMIL PLUS REACTMAXX,QUINVAL,MANGO,Mx,17.46861136,18,33892,10000,3,2,730,,0.0%
AGROMIL PLUS REACTMAXX,QUINVAL,TOMATES,Mx,9.083677907,9.36,14000,13000,0.8,3,43655,8.504,90.9%
AGROMIL PLUS REACTMAXX,QUINVAL,CHILES PICOSOS,Mx,5.677298692,5.85,14440,13000,0.5,3,30667,4.677,79.9%
AGROMIL PLUS REACTMAXX,QUINVAL,CUCURBITACEAS,Mx,1.310145852,1.35,3400,3000,0.5,3,,,0.0%
AGROMIL V,QUINVAL,TOMATES,Mx,2.200889894,7.8,14000,13000,1,2,16481,4.284,54.9%
AGROMIL V,QUINVAL,CHILES PICOSOS,Mx,1.373263534,6,14440,10000,1,2,9618,2.087,34.8%
AV5G BIOACTIVE,QUINVAL,MANGO,Mx,25.63593151,16.8,33892,28000,1,2,,,0.0%
AV5G BIOACTIVE,QUINVAL,CHILES PICOSOS,Mx,11.90239677,7.8,14440,13000,1,2,,,0.0%
AV5G BIOACTIVE,QUINVAL,TOMATES,Mx,10.98682779,7.2,14000,12000,1,2,,,0.0%
AV5G BIOACTIVE,QUINVAL,CUCURBITACEAS,Mx,4.669401811,3.06,3400,3400,1,3,,,0.0%
AV5G BIOACTIVE,QUINVAL,ESPARRAGO,Mx,2.746706948,1.8,3000,3000,1,2,,,0.0%
BRX COLOR,QUINVAL,MANGO,Mx,9.163636364,25.2,33892,28000,1,3,,,0.0%
BRX COLOR,QUINVAL,CHILES PICOSOS,Mx,1.090909091,3,14440,5000,1,2,,,0.0%
BRX COLOR,QUINVAL,TOMATES,Mx,0.872727273,2.4,14000,4000,1,2,,,0.0%
JUNIPERUS STRESSOFF,QUINVAL,TOMATES,Mx,4.132212551,23.4,14000,13000,2,3,67511,13.389,57.2%
JUNIPERUS STRESSOFF,QUINVAL,CHILES PICOSOS,Mx,1.58931252,9,14440,10000,1,3,25205,5.462,60.7%
JUNIPERUS STRESSOFF,QUINVAL,CUCURBITACEAS,Mx,0.953587512,5.4,3400,3000,2,3,1673,,0.0%
QUERKUS SMARTSELECT,QUINVAL,TOMATES,Mx,2.583888918,15.6,14000,13000,2,2,47008,11.108,71.2%
QUERKUS SMARTSELECT,QUINVAL,CHILES PICOSOS,Mx,1.98760686,12,14440,10000,2,2,9184,1.34,11.2%
QUERKUS SMARTSELECT,QUINVAL,CUCURBITACEAS,Mx,0.596282058,3.6,3400,3000,2,2,,,0.0%
ROOTING ADSTRONG,QUINVAL,CHILES PICOSOS,Mx,4.575648597,11.7,14440,13000,1.5,2,47716,9.04,77.3%
ROOTING ADSTRONG,QUINVAL,TOMATES,Mx,3.050432398,7.8,14000,13000,1,2,86781,23.202,297.5%
ROOTING ADSTRONG,QUINVAL,ESPARRAGO,Mx,1.759864845,4.5,3000,2500,3,2,7316,,0.0%
ROOTING ADSTRONG,QUINVAL,CUCURBITACEAS,Mx,1.055918907,2.7,3400,3000,1,3,5032,,0.0%
AGROMIL PLUS REACTMAXX,SAGRISA,CAFÉ,Sal,14.65125093,5.4,128000,12000,0.5,3,,,0.0%
AGROMIL PLUS REACTMAXX,SAGRISA,LEGUMINOSA,Sal,8.139583849,3,123000,10000,0.5,2,,,0.0%
AGROMIL PLUS REACTMAXX,SAGRISA,ARROZ,Sal,3.736941136,1.8,4000,3000,1,2,212,,0.0%
AGROMIL PLUS REACTMAXX,SAGRISA,PIMIENTOS,Sal,3.25583354,1.2,1000,1000,2,2,192,0.192,16.0%
AGROMIL PLUS REACTMAXX,SAGRISA,TOMATES,Sal,3.25583354,1.2,1000,1000,2,2,324,0.192,16.0%
AGROMIL V,SAGRISA,LEGUMINOSA,Sal,7.817911366,10.8,123000,18000,1,2,,,0.0%
AGROMIL V,SAGRISA,MAIZ,Sal,5.429105115,7.5,302000,25000,1,1,646,0.246,3.3%
AGROMIL V,SAGRISA,CAFÉ,Sal,5.211940911,7.2,128000,12000,1,2,,,0.0%
AGROMIL V,SAGRISA,PIMIENTOS,Sal,0.868656818,1.2,1000,1000,2,2,6,0.006,0.5%
AGROMIL V,SAGRISA,TOMATES,Sal,0.868656818,1.2,1000,1000,2,2,6,0.006,0.5%
BRX COLOR,SAGRISA,CAÑA DE AZUCAR,Sal,2.618181818,7.2,81000,12000,1,2,,,0.0%
DCS3+,SAGRISA,CAFÉ,Sal,1.941562421,10.8,128000,12000,1,3,,,0.0%
DCS3+,SAGRISA,LEGUMINOSA,Sal,1.941562421,10.8,123000,18000,1,2,,,0.0%
LPG 456 REACTMAXX,SAGRISA,LEGUMINOSA,Sal,4.857021282,10.8,123000,18000,1,2,,,0.0%
LPG 456 REACTMAXX,SAGRISA,CAÑA DE AZUCAR,Sal,4.591257073,12,81000,20000,1,2,,,0.0%
LPG 456 REACTMAXX,SAGRISA,MAIZ,Sal,3.372931446,7.5,302000,25000,1,1,,,0.0%
LPG 456 REACTMAXX,SAGRISA,CAFÉ,Sal,3.238014188,7.2,128000,12000,1,2,2008,0.908,12.6%
LPG 456 REACTMAXX,SAGRISA,CAFÉ,Sal,3.238014188,7.2,128000,12000,1,2,2700,0.908,12.6%
LPG 456 REACTMAXX,SAGRISA,ARROZ,Sal,0.688688561,1.8,4000,3000,1,2,300,,0.0%
LPG 456 REACTMAXX,SAGRISA,ARROZ,Sal,0.688688561,1.8,4000,3000,1,2,2004,,0.0%
LPG 456 REACTMAXX,SAGRISA,PIMIENTOS,Sal,0.539669031,1.2,1000,1000,2,2,,,0.0%
LPG 456 REACTMAXX,SAGRISA,TOMATES,Sal,0.539669031,1.2,1000,1000,2,2,,,0.0%
QUERKUS SMARTSELECT,SAGRISA,LEGUMINOSA,Sal,9.926034558,21.6,123000,18000,2,2,,,0.0%
QUERKUS SMARTSELECT,SAGRISA,CAÑA DE AZUCAR,Sal,7.253423527,12,81000,20000,2,1,,,0.0%
QUERKUS SMARTSELECT,SAGRISA,CAFÉ,Sal,6.617356372,14.4,128000,12000,2,2,,,0.0%
QUERKUS SMARTSELECT,SAGRISA,MAIZ,Sal,3.446539777,7.5,302000,25000,1,1,,,0.0%
QUERKUS SMARTSELECT,SAGRISA,PIMIENTOS,Sal,0.551446364,1.2,1000,1000,2,2,24,0.024,2.0%
QUERKUS SMARTSELECT,SAGRISA,TOMATES,Sal,0.551446364,1.2,1000,1000,2,2,24,0.024,2.0%
ROOTING SMARTSELECT,SAGRISA,CAFÉ,Sal,12.11016842,14.4,128000,12000,2,2,1008,0.708,4.9%
ROOTING SMARTSELECT,SAGRISA,LEGUMINOSA,Sal,9.082626313,10.8,123000,18000,1,2,,,0.0%
ROOTING SMARTSELECT,SAGRISA,CAÑA DE AZUCAR,Sal,4.358191071,4.8,81000,8000,1,2,500,0.2,4.2%
ROOTING SMARTSELECT,SAGRISA,PIMIENTOS,Sal,1.009180701,1.2,1000,1000,2,2,54,0.054,4.5%
ROOTING SMARTSELECT,SAGRISA,TOMATES,Sal,1.009180701,1.2,1000,1000,2,2,610,0.21,17.5%
ROOTING SMARTSELECT,SAGRISA,ARROZ,Sal,0.817160826,0.9,4000,3000,1,1,450,,0.0%
ACIGGIB ADSTRONG,SERCO VERDE,CÍTRICOS,Mx,0.121113477,0.1575,7000,3500,0.05,3,103,,0.0%
ACIGGIB ADSTRONG,SERCO VERDE,CHILES PICOSOS,Mx,0.036910774,0.048,600,400,0.1,4,7,,0.0%
ACIGGIB ADSTRONG,SERCO VERDE,MELONES,Mx,0.028836542,0.0375,7000,2500,0.05,1,,,0.0%
ACIGGIB ADSTRONG,SERCO VERDE,PAPAYA,Mx,0.023069234,0.03,5000,2000,0.05,1,,,0.0%
ACIGGIB ADSTRONG,SERCO VERDE,SANDIAS,Mx,0.00692077,0.009,1200,600,0.05,1,75,,0.0%
ACIGGIB ADSTRONG,SERCO VERDE,TOMATES,Mx,0.002768308,0.0036,1200,600,0.01,2,,,0.0%
AGROMIL PLUS REACTMAXX,SERCO VERDE,MANGO,Mx,18.78552185,18,25000,10000,3,2,2749,0.526,2.9%
AGROMIL PLUS REACTMAXX,SERCO VERDE,AGAVE,Mx,7.514208738,7.2,35000,15000,0.8,2,1051,,0.0%
AGROMIL PLUS REACTMAXX,SERCO VERDE,CÍTRICOS,Mx,4.383288431,4.2,7000,3500,2,2,871,0.435,10.4%
AGROMIL PLUS REACTMAXX,SERCO VERDE,MELONES,Mx,2.348190231,2.25,7000,5000,0.5,3,65,0.036,1.6%
AGROMIL PLUS REACTMAXX,SERCO VERDE,TOMATES,Mx,0.733424601,0.648,1200,900,0.8,3,3007,1.365,210.6%
AGROMIL PLUS REACTMAXX,SERCO VERDE,SANDIAS,Mx,0.438328843,0.42,1200,1000,0.7,2,137,0.036,8.6%
AGROMIL PLUS REACTMAXX,SERCO VERDE,CHILES PICOSOS,Mx,0.281782828,0.27,600,600,0.5,3,1358,0.814,301.5%
AGROMIL V,SERCO VERDE,MANGO,Mx,2.654826139,9,25000,10000,1,3,4654,2.685,29.8%
AGROMIL V,SERCO VERDE,CÍTRICOS,Mx,0.796447842,2.7,7000,3000,1,3,423,0.249,9.2%
AGROMIL V,SERCO VERDE,PAPAYA,Mx,0.796447842,2.7,5000,3000,1,3,546,0.189,7.0%
AGROMIL V,SERCO VERDE,MELONES,Mx,0.530965228,1.8,7000,3000,1,2,118,0.036,2.0%
AGROMIL V,SERCO VERDE,SANDIAS,Mx,0.159289568,0.54,1200,900,1,2,170,0.126,23.3%
AGROMIL V,SERCO VERDE,TOMATES,Mx,0.159289568,0.54,1200,900,1,2,1149,0.555,102.8%
AGROMIL V,SERCO VERDE,CHILES PICOSOS,Mx,0.053096523,0.18,600,300,1,2,219,0.144,80.0%
AV5G BIOACTIVE,SERCO VERDE,AGAVE,Mx,13.09446517,9,35000,15000,1,2,,,0.0%
AV5G BIOACTIVE,SERCO VERDE,MELONES,Mx,4.364821724,3,7000,5000,1,2,,,0.0%
AV5G BIOACTIVE,SERCO VERDE,CÍTRICOS,Mx,3.928339552,2.7,7000,3000,1,3,,,0.0%
BRX COLOR,SERCO VERDE,MELONES,Mx,0.218181818,0.6,7000,1000,1,2,,,0.0%
BRX COLOR,SERCO VERDE,TOMATES,Mx,0.065454545,0.18,1200,300,1,2,,,0.0%
JUNIPERUS STRESSOFF,SERCO VERDE,MELONES,Mx,3.472020881,18,7000,5000,2,6,54,0.006,0.0%
JUNIPERUS STRESSOFF,SERCO VERDE,AGAVE,Mx,1.73601044,9,35000,15000,1,2,983,0.22,2.4%
JUNIPERUS STRESSOFF,SERCO VERDE,CÍTRICOS,Mx,1.73601044,9,7000,5000,2,3,36,,0.0%
JUNIPERUS STRESSOFF,SERCO VERDE,MANGO,Mx,1.157340294,6,25000,10000,1,2,632,0.131,2.2%
JUNIPERUS STRESSOFF,SERCO VERDE,PAPAYA,Mx,0.347202088,1.8,5000,3000,2,1,1586,0.083,4.6%
JUNIPERUS STRESSOFF,SERCO VERDE,TOMATES,Mx,0.312481879,1.62,1200,900,2,3,1549,0.403,24.9%
JUNIPERUS STRESSOFF,SERCO VERDE,SANDIAS,Mx,0.162027641,0.84,1200,700,2,2,168,0.006,0.7%
JUNIPERUS STRESSOFF,SERCO VERDE,CHILES PICOSOS,Mx,0.052080313,0.27,600,300,1,3,405,0.22,81.5%
QUERKUS SMARTSELECT,SERCO VERDE,MELONES,Mx,0.638323488,6,7000,5000,2,2,960,0.06,1.0%
QUERKUS SMARTSELECT,SERCO VERDE,PAPAYA,Mx,0.255329395,2.4,5000,2000,2,2,1200,,0.0%
QUERKUS SMARTSELECT,SERCO VERDE,TOMATES,Mx,0.114898228,1.08,1200,900,2,2,708,0.108,10.0%
QUERKUS SMARTSELECT,SERCO VERDE,CHILES PICOSOS,Mx,0.038299409,0.36,600,300,2,2,72,0.072,20.0%
QUERKUS SMARTSELECT,SERCO VERDE,SANDIAS,Mx,0.038299409,0.36,1200,600,2,1,60,0.06,16.7%
ROOTING ADSTRONG,SERCO VERDE,PAPAYA,Mx,0.753444332,1.8,5000,3000,1,2,1748,0.476,26.4%
ROOTING ADSTRONG,SERCO VERDE,MELONES,Mx,0.627870277,1.5,7000,2500,1,2,1240,0.18,12.0%
ROOTING ADSTRONG,SERCO VERDE,CHILES PICOSOS,Mx,0.150688866,0.36,600,400,1.5,2,1190,0.632,175.6%
ROOTING ADSTRONG,SERCO VERDE,SANDIAS,Mx,0.150688866,0.36,1200,600,1,2,404,0.193,53.6%
ROOTING ADSTRONG,SERCO VERDE,TOMATES,Mx,0.11301665,0.27,1200,450,1,2,1604,0.864,320.0%
ROOTING SMARTSELECT,SERCO VERDE,MELONES,Mx,0.595479188,1.5,7000,2500,1,2,1346,0.09,6.0%
ROOTING SMARTSELECT,SERCO VERDE,CHILES PICOSOS,Mx,0.19055334,0.48,600,400,2,2,1864,1.353,281.9%
ROOTING SMARTSELECT,SERCO VERDE,TOMATES,Mx,0.160779381,0.405,1200,450,1.5,2,6876,2.756,680.5%
ROOTING SMARTSELECT,SERCO VERDE,SANDIAS,Mx,0.142915005,0.36,1200,600,1,2,432,0.158,43.9%
AGROMIL PLUS REACTMAXX,TATTERSAL,CEREZOS,Chile,20.52894212,13.5,50000,10000,1.5,3,,,0.0%
AGROMIL PLUS REACTMAXX,TATTERSAL,NOGAL,Chile,19.12646529,12.6,33500,7000,2,3,3750,0.75,6.0%
AGROMIL PLUS REACTMAXX,TATTERSAL,CÍTRICOS,Chile,12.29558483,8.1,13500,4500,6,1,,,0.0%
AGROMIL PLUS REACTMAXX,TATTERSAL,ARÁNDANOS,Chile,10.92940874,7.2,14500,8000,1,3,1500,,0.0%
AGROMIL PLUS REACTMAXX,TATTERSAL,VIDES DE MESA,Chile,5.9200964,3.9,12960,6500,1,2,28606,5.5,141.0%
AGROMIL PLUS REACTMAXX,TATTERSAL,VIDES DE MESA,Chile,4.553920308,3,8077,5000,1,2,28606,5.5,183.3%
AGROMIL PLUS REACTMAXX,TATTERSAL,VIDES DE MESA,Chile,3.643136246,2.4,16963,8000,0.5,2,28606,5.5,229.2%
AGROMIL PLUS REACTMAXX,TATTERSAL,VIDES DE MESA,Chile,3.187744215,2.1,7000,3500,1,2,28606,5.5,261.9%
AGROMIL PLUS REACTMAXX,TATTERSAL,KIWI,Chile,1.457254498,0.96,4000,1600,1,2,3012,0.75,78.1%
AV5G BIOACTIVE,TATTERSAL,CEREZOS,Chile,44.89209448,60,50000,50000,2,2,202,,0.0%
AV5G BIOACTIVE,TATTERSAL,VIDES DE MESA,Chile,8.978418897,12,48000,20000,1,2,1541,,0.0%
BRX COLOR,TATTERSAL,CEREZOS,Chile,4.363636364,12,50000,20000,1,2,,,0.0%
BRX COLOR,TATTERSAL,ARÁNDANOS,Chile,2.181818182,6,14500,10000,1,2,,,0.0%
CREZYMAX BIOACTIVE,TATTERSAL,ARÁNDANOS,Chile,4.3743771,13.9995,15707,9333,1,5,,,0.0%
JUNIPERUS STRESSOFF,TATTERSAL,CEREZOS,Chile,8.002961175,24,50000,20000,2,2,,,0.0%
JUNIPERUS STRESSOFF,TATTERSAL,NOGAL,Chile,6.602442969,19.8,33500,16500,2,2,,,0.0%
JUNIPERUS STRESSOFF,TATTERSAL,CÍTRICOS,Chile,3.00111044,9,13500,10000,3,1,9552,2.596,28.8%
JUNIPERUS STRESSOFF,TATTERSAL,TOMATES,Chile,0.600222088,1.8,4000,3000,1,2,,,0.0%
LPG 456 REACTMAXX,TATTERSAL,NOGAL,Chile,8.954278527,29.7,33500,16500,3,2,,,0.0%
LPG 456 REACTMAXX,TATTERSAL,CÍTRICOS,Chile,5.788624502,19.2,13500,8000,8,1,,,0.0%
LPG 456 REACTMAXX,TATTERSAL,KIWI,Chile,0.57886245,1.92,4000,1600,2,2,,,0.0%
QUERKUS SMARTSELECT,TATTERSAL,VIDES DE MESA,Chile,21.57674093,36,48000,20000,3,2,9836,3.06,8.5%
QUERKUS SMARTSELECT,TATTERSAL,CEREZOS,Chile,14.38449395,24,50000,20000,2,2,15138,8.48,35.3%
QUERKUS SMARTSELECT,TATTERSAL,NOGAL,Chile,8.900405634,14.85,33500,16500,3,1,378,,0.0%
QUERKUS SMARTSELECT,TATTERSAL,AVELLANO,Chile,8.091277849,13.5,17000,15000,3,1,378,,0.0%
QUERKUS SMARTSELECT,TATTERSAL,CÍTRICOS,Chile,5.394185233,9,13500,10000,3,1,873,0.396,4.4%
ROOTING ADSTRONG,TATTERSAL,VIDES DE MESA,Chile,28.13045769,27,48000,15000,3,2,1776,0.15,0.6%
ACIGGIB ADSTRONG,TEKQUIMIK,BANANO,Ecu,2.404440566,13.5,260000,150000,0.3,1,1721,,0.0%
AGROMIL PLUS REACTMAXX,TEKQUIMIK,CACAO,Ecu,37.15210018,18,300000,40000,0.5,3,36,0.036,0.2%
AGROMIL PLUS REACTMAXX,TEKQUIMIK,BANANO,Ecu,18.57605009,9,260000,30000,0.5,2,108,0.108,1.2%
AGROMIL PLUS REACTMAXX,TEKQUIMIK,ARROZ,Ecu,9.288025045,4.5,150000,15000,0.5,2,36,0.036,0.8%
AGROMIL PLUS REACTMAXX,TEKQUIMIK,FLORES DE CORTE,Ecu,2.539754824,1.2,2500,2000,1,2,48,0.036,3.0%
AGROMIL V,TEKQUIMIK,BANANO,Ecu,27.14552558,37.5,260000,100000,0.25,5,1000,,0.0%
AGROMIL V,TEKQUIMIK,MAIZ,Ecu,17.37313637,24,200000,80000,1,1,,,0.0%
AGROMIL V,TEKQUIMIK,ARROZ,Ecu,10.85821023,15,150000,50000,1,1,,,0.0%
AGROMIL V,TEKQUIMIK,FLORES DE CORTE,Ecu,1.302985228,1.8,2500,2000,1,3,300,,0.0%
AV5G BIOACTIVE,TEKQUIMIK,CACAO,Ecu,13.38002362,15,300000,100000,0.5,1,36,0.036,0.2%
AV5G BIOACTIVE,TEKQUIMIK,ARROZ,Ecu,8.028014172,9,150000,30000,0.5,2,24,0.024,0.3%
AV5G BIOACTIVE,TEKQUIMIK,SANDIAS,Ecu,0.669001181,0.75,3000,2500,0.5,2,,,0.0%
AV5G BIOACTIVE,TEKQUIMIK,FLORES DE CORTE,Ecu,0.535200945,0.6,2500,2000,1,1,120,,0.0%
JUNIPERUS STRESSOFF,TEKQUIMIK,MAIZ,Ecu,8.830161175,24,200000,80000,1,1,,,0.0%
JUNIPERUS STRESSOFF,TEKQUIMIK,ARROZ,Ecu,5.518850734,15,150000,50000,1,1,,,0.0%
JUNIPERUS STRESSOFF,TEKQUIMIK,FLORES DE CORTE,Ecu,0.441508059,1.2,2500,2000,1,2,,,0.0%
LPG 456 REACTMAXX,TEKQUIMIK,CACAO,Ecu,29.46345157,60,300000,100000,1,2,,,0.0%
LPG 456 REACTMAXX,TEKQUIMIK,MAIZ,Ecu,14.73172578,30,200000,100000,1,1,,,0.0%
LPG 456 REACTMAXX,TEKQUIMIK,ARROZ,Ecu,11.78538063,24,150000,40000,1,2,160,,0.0%
LPG 456 REACTMAXX,TEKQUIMIK,FLORES DE CORTE,Ecu,1.178538063,2.4,2500,2000,2,2,80,,0.0%
LPG 456 REACTMAXX,TEKQUIMIK,SANDIAS,Ecu,0.736586289,1.5,3000,2500,1,2,,,0.0%
ROOTING ADSTRONG,TEKQUIMIK,BANANO,Ecu,42.1611083,45,260000,50000,3,1,4836,,0.0%
ROOTING ADSTRONG,TEKQUIMIK,ARROZ,Ecu,14.05370277,15,150000,50000,1,1,36,0.036,0.2%
ROOTING ADSTRONG,TEKQUIMIK,FLORES DE CORTE,Ecu,1.124296221,1.2,2500,2000,2,1,380,,0.0%
ROOTING ADSTRONG,TEKQUIMIK,PITAHAYA,Ecu,0.421611083,0.45,2000,1500,1,1,48,0.048,10.7%
AGROMIL V,TQC,AGUACATES,Perú,15.01896113,30,39500,25000,2,2,,,0.0%
AGROMIL V,TQC,PAPA,Perú,12.0151689,24,310400,40000,1,2,,,0.0%
AGROMIL V,TQC,VIDES DE MESA,Perú,6.007584452,12,33200,20000,1,2,,,0.0%
AV5G BIOACTIVE,TQC,VIDES DE MESA,Perú,22.08701223,24,33200,20000,2,2,,,0.0%
JUNIPERUS STRESSOFF,TQC,VIDES DE MESA,Perú,11.14720743,24,33200,20000,2,2,,,0.0%
QUERKUS SMARTSELECT,TQC,VIDES DE MESA,Perú,14.21297122,24,33200,20000,2,2,,,0.0%
DCS3+,TXAO,LEGUMINOSA,Mx,16.24628766,89.1,330000,99000,1,3,,,0.0%
DCS3+,TXAO,CÍTRICOS,Mx,13.80821211,54,201635,60000,1,3,,,0.0%
DCS3+,TXAO,AGUACATES,Mx,8.054790396,31.5,239083,35000,1,3,1462,0.454,1.4%
DCS3+,TXAO,PAPA,Mx,2.855408133,15.66,58000,17400,1,3,,,0.0%
DCS3+,TXAO,PIÑA,Mx,1.132317018,6.21,23000,6900,1,3,,,0.0%
JUNIPERUS STRESSOFF,TXAO,PIÑA,Mx,4.10302653,12.42,23000,6900,2,3,38,,0.0%
LPG 456 REACTMAXX,TXAO,MAIZ,Mx,34.16480566,232.5,3350000,775000,1,1,12671,2.236,1.0%
LPG 456 REACTMAXX,TXAO,AGUACATES,Mx,17.01217735,90,239083,50000,3,2,,,0.0%
LPG 456 REACTMAXX,TXAO,LEGUMINOSA,Mx,14.54759467,99,330000,165000,1,2,,,0.0%
LPG 456 REACTMAXX,TXAO,PAPA,Mx,3.835274958,26.1,58000,29000,1,3,287,,0.0%
LPG 456 REACTMAXX,TXAO,PIÑA,Mx,3.041769795,20.7,23000,6900,5,2,,,0.0%
QUERKUS SMARTSELECT,TXAO,CÍTRICOS,Mx,16.31793822,108,201635,60000,3,2,,,0.0%
QUERKUS SMARTSELECT,TXAO,LEGUMINOSA,Mx,7.479055016,49.5,330000,165000,1,1,,,0.0%
QUERKUS SMARTSELECT,TXAO,CAÑA DE AZUCAR,Mx,3.389133693,31.041,798687,34490,3,1,,,0.0%
QUERKUS SMARTSELECT,TXAO,PAPA,Mx,2.629001157,17.4,58000,29000,1,2,,,0.0%
VIGOFORT ULTRA,TXAO,CÍTRICOS,Mx,79.3346721,72,201635,60000,2,2,477,0.09,0.1%
VIGOFORT ULTRA,TXAO,AGUACATES,Mx,49.58417006,45,239083,50000,1.5,2,1334,0.48,1.1%
VIGOFORT ULTRA,TXAO,SOYAS,Mx,4.558438035,4.137,116724,27580,0.5,1,,,0.0%
ACIGGIB ADSTRONG,WOLVERAGRO,BANANO,Rep D,9.871015814,2.63925,21250,4250,2.07,1,47,,0.0%
AGROMIL PLUS REACTMAXX,WOLVERAGRO,TOMATES,Rep D,8.973501582,2.8512,6600,3960,0.8,3,,,0.0%
AGROMIL PLUS REACTMAXX,WOLVERAGRO,CHILES PICOSOS,Rep D,3.39905363,1.08,4800,2400,0.5,3,,,0.0%
AGROMIL PLUS REACTMAXX,WOLVERAGRO,PAPA,Rep D,2.237710306,0.711,7900,2370,1,1,,,0.0%
AGROMIL PLUS REACTMAXX,WOLVERAGRO,AGUACATES,Rep D,1.556069635,0.528,17600,1760,0.5,2,,,0.0%
AGROMIL PLUS REACTMAXX,WOLVERAGRO,CUCURBITACEAS,Rep D,0.509858044,0.162,600,360,0.5,3,,,0.0%
AGROMIL PLUS REACTMAXX,WOLVERAGRO,CAFÉ,Rep D,0.356192495,0.113175,5030,754,0.5,1,,,0.0%
AGROMIL V,WOLVERAGRO,BANANO,Rep D,1.228276741,1.9125,21250,4250,0.3,5,774,,0.0%
AV5G BIOACTIVE,WOLVERAGRO,TOMATES,Rep D,1.440391169,0.99,6600,1650,1,2,,,0.0%
AV5G BIOACTIVE,WOLVERAGRO,CHILES PICOSOS,Rep D,1.318419335,0.864,4800,1440,1,2,,,0.0%
DCS3+,WOLVERAGRO,CHILES PICOSOS,Rep D,0.172537087,0.72,4800,2400,0.5,2,,,0.0%
LPG 456 REACTMAXX,WOLVERAGRO,ARROZ,Rep D,4.918230144,7.8,130000,13000,1,2,204,,0.0%
LPG 456 REACTMAXX,WOLVERAGRO,TOMATES,Rep D,2.887806995,4.752,6600,3960,1,4,,,0.0%
LPG 456 REACTMAXX,WOLVERAGRO,CHILES PICOSOS,Rep D,1.750186057,2.88,4800,2400,1,4,,,0.0%
LPG 456 REACTMAXX,WOLVERAGRO,MAIZ,Rep D,1.406055724,2.31372,25708,7712,1,1,204,,0.0%
LPG 456 REACTMAXX,WOLVERAGRO,CEBOLLA,Rep D,0.625326893,1.029,9800,3430,1,1,,,0.0%
QUERKUS SMARTSELECT,WOLVERAGRO,CEBOLLA,Rep D,1.030026558,2.94,9800,4900,2,1,,,0.0%
QUERKUS SMARTSELECT,WOLVERAGRO,BANANO,Rep D,0.99367503,3.825,21250,4250,3,1,,,0.0%
ROOTING SMARTSELECT,WOLVERAGRO,TOMATES,Rep D,3.344825565,3.564,6600,3960,1.5,2,,,0.0%
ROOTING SMARTSELECT,WOLVERAGRO,CHILES PICOSOS,Rep D,2.702889346,2.88,4800,2400,2,2,,,0.0%
ROOTING SMARTSELECT,WOLVERAGRO,PAPA,Rep D,1.334551614,1.422,7900,4740,1,1,,,0.0%
ROOTING SMARTSELECT,WOLVERAGRO,CAFÉ,Rep D,0.708100698,0.7545,5030,2515,1,1,,,0.0%
